Latitude,Longitude,Time,CPM
33.75371292,-84.628543249,0
33.753792589,-84.628481807,0
33.75374178,-84.62847042,0
33.753681495,-84.628474829,0
33.753649094,-84.628482912,0
33.753598754,-84.62848227,0
33.753593767,-84.628483281,0
33.753598754,-84.62848227,0
33.753603741,-84.62848126,0
33.753603741,-84.62848126,0
33.753603741,-84.62848126,0
33.753603741,-84.62848126,0
33.753622089,-84.628494668,0
33.753629115,-84.628483923,0
33.753647024,-84.628489616,0
33.753647024,-84.628489616,0
33.753639529,-84.628489616,0
33.753639529,-84.628489616,0
33.753639529,-84.628489616,0
33.753634542,-84.628490627,0
33.75363501,-84.628501372,0
33.75363705,-84.628491637,0
33.75363705,-84.628491637,0
33.753642037,-84.628490627,0
33.753674937,-84.62849632,0
33.753682403,-84.628493289,0
33.7537069,-84.628480523,0
33.753722799,-84.628498983,0
33.753728255,-84.628508718,0
33.753735751,-84.628508718,0
33.753741207,-84.628518453,0
33.753741207,-84.628518453,0
33.753741207,-84.628518453,0
33.753753689,-84.628517443,0
33.753753689,-84.628517443,0
33.753763061,-84.628560425,0
33.753725917,-84.628626918,0
33.753684256,-84.628705167,0
33.753649152,-84.628761925,0
33.753597181,-84.628775701,0
33.753563782,-84.628756231,0
33.753490426,-84.628738781,0
33.753475435,-84.628738781,0
33.753475435,-84.628738781,0
33.753454519,-84.628718301,0
33.753383202,-84.628691116,0
33.753336383,-84.628651166,0
33.753276478,-84.628657227,0
33.753230127,-84.628628022,0
33.753167549,-84.62868579,0
33.753127756,-84.628635095,0
33.753081406,-84.628605889,0
33.753059083,-84.628553173,0
33.753032242,-84.628512212,0
33.753022401,-84.628458486,0
33.753012092,-84.628394014,0
33.752981804,-84.628330552,0
33.752948405,-84.628311082,0
33.752895497,-84.628303368,0
33.752845566,-84.628307409,0
33.752755209,-84.628302726,0
33.752659232,-84.628341024,0
33.752609606,-84.628408527,0
33.752587454,-84.62847502,0
33.752598061,-84.628431028,0
33.752604619,-84.628409538,0
33.752605088,-84.628420283,0
33.752597123,-84.628409538,0
33.752573096,-84.628433049,0
33.752606495,-84.628452519,0
33.752635376,-84.628483744,0
33.752649265,-84.62851497,0
33.752649265,-84.62851497,0
33.752649265,-84.62851497,0
33.752649265,-84.62851497,0
33.752661748,-84.628513959,0
33.752648796,-84.628504224,0
33.752628818,-84.628505235,0
33.752616804,-84.62851699,0
33.752605728,-84.628550237,0
33.752638189,-84.628548216,0
33.752669713,-84.628524705,0
33.75269016,-84.62853444,0
33.752702643,-84.628533429,0
33.752689222,-84.628512949,0
33.75269374,-84.628501193,0
33.752688753,-84.628502204,0
33.75268032,-84.628480713,0
33.752691396,-84.628447467,0
33.752682024,-84.628404486,0
33.752691693,-84.628339004,0
33.752702301,-84.628295012,0
33.752758789,-84.62826948,0
33.752818256,-84.628255704,0
33.752851186,-84.628264428,0
33.75292906,-84.628270121,0
33.752990871,-84.628310072,0
33.753057669,-84.628349011,0
33.753112922,-84.628410452,0
33.753163657,-84.628483649,0
33.753244509,-84.628501099,0
33.75330428,-84.628550784,0
33.753360002,-84.628622971,0
33.753394339,-84.628663932,0
33.753441158,-84.628703882,0
33.753499992,-84.628732077,0
33.753533391,-84.628751547,0
33.753589411,-84.62871527,0
33.753644024,-84.628646756,0
33.753686154,-84.628579253,0
33.753689266,-84.628535261,0
33.753694253,-84.62853425,0
33.753694722,-84.628544996,0
33.753699709,-84.628543985,0
33.753667248,-84.628546006,0
33.753632144,-84.628602764,0
33.75362013,-84.62861452,0
33.753633082,-84.628624255,0
33.753627626,-84.62861452,0
33.753630134,-84.62861553,0
33.75362016,-84.628617551,0
33.753574144,-84.628654839,0
33.75354108,-84.628701862,0
33.753494127,-84.628717659,0
33.753440749,-84.628699199,0
33.753399855,-84.628679729,0
33.753349589,-84.628617277,0
33.753299323,-84.628554825,0
33.753262009,-84.628502109,0
33.753188184,-84.628473914,0
33.753134806,-84.628455455,0
33.753121855,-84.62844572,0
33.753103916,-84.628436995,0
33.753041636,-84.628386299,0
33.752987321,-84.628346349,0
33.752933006,-84.628306399,0
33.752879628,-84.628287939,0
33.752822202,-84.628291981,0
33.752744797,-84.628297033,0
33.752674887,-84.628302085,0
33.752614014,-84.628283625,0
33.752609027,-84.628284636,0
33.75258858,-84.628274901,0
33.752567195,-84.628243675,0
33.752527871,-84.628203725,0
33.752502436,-84.628195001,0
33.752497449,-84.628196011,0
33.752491525,-84.628175531,0
33.752509158,-84.628120795,0
33.752536297,-84.628053292,0
33.752550953,-84.627986799,0
33.752593083,-84.627919297,0
33.752635213,-84.627851794,0
33.752620386,-84.627799078,0
33.752554526,-84.627781629,0
33.752513162,-84.627751414,0
33.752471798,-84.6277212,0
33.752471798,-84.6277212,0
33.752479294,-84.6277212,0
33.752484281,-84.627720189,0
33.752455869,-84.627699709,0
33.752401553,-84.62765976,0
33.752381575,-84.62766077,0
33.752340211,-84.627630555,0
33.752305874,-84.627589596,0
33.752305405,-84.62757885,0
33.752274984,-84.627571137,0
33.752274046,-84.627549646,0
33.75227013,-84.6275164,0
33.752269661,-84.627505655,0
33.752274179,-84.627493899,0
33.752260289,-84.627462674,0
33.75223609,-84.627366978,0
33.752197368,-84.627282027,0
33.752155066,-84.627230322,0
33.752132273,-84.627166861,0
33.752101516,-84.627092655,0
33.752048138,-84.627074197,0
33.752015677,-84.627076218,0
33.752003194,-84.627077229,0
33.751973078,-84.627132976,0
33.751922046,-84.627168243,0
33.75189755,-84.627181009,0
33.751871482,-84.627214255,0
33.751859,-84.627215266,0
33.751802042,-84.627230053,0
33.751750072,-84.62724383,0
33.751696694,-84.627225371,0
33.751646427,-84.627162922,0
33.751624104,-84.627110207,0
33.751626745,-84.62705547,0
33.751635945,-84.626979244,0
33.751630153,-84.626903017,0
33.751635303,-84.626849292,0
33.751643096,-84.62674083,0
33.751639343,-84.626654869,0
33.751674446,-84.626598111,0
33.751723133,-84.626509118,0
33.751741368,-84.62640938,0
33.751712017,-84.62636741,0
33.751638192,-84.626339218,0
33.751582305,-84.626319749,0
33.751574809,-84.626319749,0
33.751568384,-84.626285492,0
33.751542613,-84.626210276,0
33.751541807,-84.626133039,0
33.75154351,-84.626056812,0
33.751525235,-84.625981597,0
33.751521951,-84.625906381,0
33.751514118,-84.625839889,0
33.751521277,-84.625773396,0
33.751535932,-84.625706904,0
33.751534656,-84.625618921,0
33.751531341,-84.625540673,0
33.751518052,-84.625464446,0
33.751494789,-84.625390241,0
33.751452487,-84.625338537,0
33.751427184,-84.625274067,0
33.751389399,-84.625210607,0
33.751366605,-84.625147147,0
33.75130931,-84.625095444,0
33.751259511,-84.62504374,0
33.75121423,-84.624980281,0
33.751180361,-84.624950068,0
33.751151479,-84.624918843,0
33.751141005,-84.624907087,0
33.751127584,-84.624886608,0
33.75108575,-84.62484565,0
33.750993047,-84.624787246,0
33.750934213,-84.624759055,0
33.750879896,-84.624719107,0
33.750793587,-84.624691927,0
33.750740209,-84.624673471,0
33.750682313,-84.62466677,0
33.750608487,-84.624638579,0
33.750550122,-84.624621133,0
33.750503771,-84.624591931,0
33.750424489,-84.624554006,0
33.750350194,-84.624515071,0
33.750304311,-84.624496614,0
33.750250933,-84.624478157,0
33.750179147,-84.624440233,0
33.750125299,-84.624411031,0
33.750079417,-84.624392575,0
33.7500251,-84.624352628,0
33.749958301,-84.624313693,0
33.74991195,-84.624284492,0
33.749833137,-84.624257312,0
33.749787724,-84.624249601,0
33.749749807,-84.624241889,0
33.749729828,-84.6242429,0
33.749722801,-84.624253645,0
33.74969034,-84.624255667,0
33.749637431,-84.624247956,0
33.749617452,-84.624248967,0
33.74957157,-84.624230511,0
33.749479173,-84.624235566,0
33.749406755,-84.624239611,0
33.74934839,-84.624222165,0
33.749295012,-84.624203709,0
33.749224164,-84.624187275,0
33.749158772,-84.624180574,0
33.74907996,-84.624153396,0
33.748993651,-84.624126217,0
33.748940273,-84.624107761,0
33.748850385,-84.624113827,0
33.748793428,-84.624128617,0
33.74877298,-84.624118883,0
33.74875598,-84.62413165,0
33.748748484,-84.62413165,0
33.748748484,-84.62413165,0
33.748743029,-84.624121916,0
33.748723519,-84.624133672,0
33.748691058,-84.624135694,0
33.748646114,-84.624138728,0
33.748577144,-84.624165273,0
33.748520187,-84.624180062,0
33.748447932,-84.624131394,0
33.74840158,-84.624102193,0
33.748379256,-84.624049481,0
33.74834351,-84.62397629,0
33.748288724,-84.6239256,0
33.748221924,-84.623886666,0
33.748160111,-84.623846721,0
33.748110781,-84.623805764,0
33.748056933,-84.623776564,0
33.748008072,-84.623746352,0
33.747969686,-84.623727897,0
33.747917246,-84.62373093,0
33.747877288,-84.623732952,0
33.747808448,-84.623703752,0
33.747734622,-84.623675563,0
33.747673278,-84.623646363,0
33.747611934,-84.623617163,0
33.747557617,-84.623577218,0
33.747490818,-84.623538284,0
33.747437439,-84.623519829,0
33.747376565,-84.623501373,0
33.747310704,-84.623483929,0
33.747214892,-84.623469518,0
33.747149969,-84.623473563,0
33.747104556,-84.623465852,0
33.747039165,-84.623459153,0
33.746981269,-84.623452453,0
33.746923374,-84.623445753,0
33.746825521,-84.623441076,0
33.746751095,-84.623457888,0
33.746713648,-84.623460922,0
33.746643739,-84.623465978,0
33.746581327,-84.623471034,0
33.746523901,-84.623475079,0
33.746434483,-84.62349189,0
33.746377526,-84.62350668,0
33.746321508,-84.623542958,0
33.74626549,-84.623579236,0
33.746221485,-84.623603758,0
33.746145488,-84.623641047,0
33.746089,-84.62366658,0
33.746028465,-84.623714614,0
33.745985868,-84.623771369,0
33.745950767,-84.623828125,0
33.745928617,-84.623894613,0
33.745894455,-84.623972857,0
33.745887767,-84.62405009,0
33.745873583,-84.624127323,0
33.745862977,-84.624171311,0
33.745867963,-84.6241703,0
33.745880915,-84.624180033,0
33.745880915,-84.624180033,0
33.745874826,-84.624212266,0
33.745870145,-84.624276733,0
33.745873429,-84.624351943,0
33.745872197,-84.624438909,0
33.745869557,-84.624493642,0
33.745854903,-84.62456013,0
33.74585367,-84.624647097,0
33.74586492,-84.624733052,0
33.745852907,-84.624744807,0
33.745855886,-84.624756562,0
33.745856355,-84.624767307,0
33.745857763,-84.62479954,0
33.745862619,-84.624854273,0
33.745883406,-84.624930494,0
33.7458892,-84.625006716,0
33.745902021,-84.625072193,0
33.745923277,-84.625159159,0
33.74591876,-84.625170914,0
33.745926725,-84.625181659,0
33.745928002,-84.625269635,0
33.745952837,-84.625323357,0
33.745970644,-84.625387823,0
33.746023892,-84.625462023,0
33.746074629,-84.625535212,0
33.746105387,-84.625609412,0
33.746155656,-84.625671857,0
33.746205924,-84.625734302,0
33.746255723,-84.625786003,0
33.746263688,-84.625796747,0
33.746258702,-84.625797758,0
33.746260578,-84.625840736,0
33.746308336,-84.62590217,0
33.746331598,-84.62597637,0
33.746337391,-84.626052592,0
33.746355198,-84.626117058,0
33.746353026,-84.626182536,0
33.746324951,-84.626228546,0
33.746301394,-84.6262628,0
33.746283925,-84.626264822,0
33.746246009,-84.626257109,0
33.746199189,-84.626217164,0
33.746159866,-84.626177218,0
33.746117564,-84.626125517,0
33.74609226,-84.626061051,0
33.746049958,-84.62600935,0
33.746020607,-84.625967384,0
33.746011703,-84.625935151,0
33.745941457,-84.625873716,0
33.745894637,-84.625833771,0
33.745866693,-84.625824038,0
33.745832825,-84.625793826,0
33.745786474,-84.625764625,0
33.745738082,-84.625745158,0
33.745705152,-84.625736435,0
33.745692201,-84.625726702,0
33.745684235,-84.625715957,0
33.745683766,-84.625705213,0
33.745658332,-84.62569649,0
33.745630388,-84.625686757,0
33.745581996,-84.62566729,0
33.745514095,-84.625659578,0
33.745440738,-84.625642132,0
33.745403421,-84.625589421,0
33.745367677,-84.625516233,0
33.745344883,-84.625452778,0
33.745335511,-84.625409801,0
33.74534471,-84.62533358,0
33.745346412,-84.625257359,0
33.745347645,-84.625170394,0
33.745356844,-84.625094173,0
33.745358546,-84.625017952,0
33.745388192,-84.624951464,0
33.745389894,-84.624875243,0
33.745379114,-84.624800033,0
33.745358327,-84.624723812,0
33.745328037,-84.624660357,0
33.745272782,-84.624598925,0
33.745222983,-84.624547225,0
33.745156653,-84.624519036,0
33.745082827,-84.624490848,0
33.745066896,-84.624469359,0
33.745066427,-84.624458615,0
33.745033496,-84.624449893,0
33.74499307,-84.62444117,0
33.744947657,-84.624433459,0
33.744934705,-84.624423726,0
33.744934705,-84.624423726,0
33.744934705,-84.624423726,0
33.744934705,-84.624423726,0
33.744934705,-84.624423726,0
33.744929719,-84.624424737,0
33.744929719,-84.624424737,0
33.744937216,-84.624424737,0
33.744937216,-84.624424737,0
33.744937216,-84.624424737,0
33.744937685,-84.624435481,0
33.744937685,-84.624435481,0
33.744937685,-84.624435481,0
33.744937685,-84.624435481,0
33.744937216,-84.624424737,0
33.744929719,-84.624424737,0
33.744929719,-84.624424737,0
33.744935175,-84.62443447,0
33.744942202,-84.624423726,0
33.744942202,-84.624423726,0
33.744942202,-84.624423726,0
33.744947188,-84.624422715,0
33.744947188,-84.624422715,0
33.744947188,-84.624422715,0
33.744947188,-84.624422715,0
33.744947188,-84.624422715,0
33.744947188,-84.624422715,0
33.744947188,-84.624422715,0
33.744947188,-84.624422715,0
33.744947188,-84.624422715,0
33.744947188,-84.624422715,0
33.744947188,-84.624422715,0
33.744947188,-84.624422715,0
33.744944677,-84.624421704,0
33.744944208,-84.62441096,0
33.744944208,-84.62441096,0
33.744944208,-84.62441096,0
33.744941698,-84.624409949,0
33.744941698,-84.624409949,0
33.744941698,-84.624409949,0
33.744941698,-84.624409949,0
33.744941698,-84.624409949,0
33.744942167,-84.624420693,0
33.744937181,-84.624421704,0
33.744944677,-84.624421704,0
33.744945147,-84.624432448,0
33.744945147,-84.624432448,0
33.744945147,-84.624432448,0
33.744944677,-84.624421704,0
33.744944677,-84.624421704,0
33.744939222,-84.624411971,0
33.744939222,-84.624411971,0
33.744939222,-84.624411971,0
33.744939222,-84.624411971,0
33.744939222,-84.624411971,0
33.744939222,-84.624411971,0
33.744939222,-84.624411971,0
33.744934236,-84.624412982,0
33.744934236,-84.624412982,0
33.744934236,-84.624412982,0
33.744934236,-84.624412982,0
33.744934236,-84.624412982,0
33.744934236,-84.624412982,0
33.744934236,-84.624412982,0
33.744934236,-84.624412982,0
33.744934236,-84.624412982,0
33.744934236,-84.624412982,0
33.744934236,-84.624412982,0
33.744939691,-84.624422715,0
33.744932195,-84.624422715,0
33.744939691,-84.624422715,0
33.744952174,-84.624421704,0
33.744947657,-84.624433459,0
33.744947657,-84.624433459,0
33.744952643,-84.624432448,0
33.744920651,-84.624445214,0
33.744882101,-84.624479469,0
33.744867577,-84.624490213,0
33.744868046,-84.624500957,0
33.744848537,-84.624512713,0
33.744853523,-84.624511702,0
33.744848537,-84.624512713,0
33.744848537,-84.624512713,0
33.744849006,-84.624523457,0
33.744812966,-84.624558723,0
33.744781913,-84.624592977,0
33.744774885,-84.624603721,0
33.744762403,-84.624604732,0
33.744743363,-84.624627232,0
33.744687813,-84.624674253,0
33.744631326,-84.624699785,0
33.744573431,-84.624693084,0
33.744495088,-84.624676651,0
33.744429227,-84.624659206,0
33.744366347,-84.624653517,0
33.744295031,-84.624626339,0
33.744236667,-84.624608895,0
33.744224185,-84.624609906,0
33.744216688,-84.624609906,0
33.744204675,-84.624621661,0
33.744204206,-84.624610917,0
33.744204675,-84.624621661,0
33.744192193,-84.624622672,0
33.744184696,-84.624622672,0
33.744164248,-84.624612939,0
33.744145208,-84.624635438,0
33.744113685,-84.624658948,0
33.744081224,-84.62466097,0
33.744024267,-84.624675758,0
33.743985248,-84.624699268,0
33.743913767,-84.6247248,0
33.743867252,-84.62474831,0
33.743859755,-84.62474831,0
33.743816219,-84.624783575,0
33.743766594,-84.624851073,0
33.743728513,-84.624896071,0
33.743677949,-84.62494208,0
33.743634882,-84.624988089,0
33.743599781,-84.625044842,0
33.74357512,-84.625110318,0
33.743576996,-84.625153294,0
33.743592458,-84.625164038,0
33.743632885,-84.62517276,0
33.743665346,-84.625170739,0
33.743672843,-84.625170739,0
33.743680808,-84.625181483,0
33.743688305,-84.625181483,0
33.743688305,-84.625181483,0
33.743700787,-84.625180472,0
33.743700787,-84.625180472,0
33.743700787,-84.625180472,0
33.743700787,-84.625180472,0
33.743700787,-84.625180472,0
33.743700787,-84.625180472,0
33.743700787,-84.625180472,0
33.743655844,-84.625183505,0
33.743611838,-84.625208025,0
33.743579846,-84.625220791,0
33.743580315,-84.625231535,0
33.743580315,-84.625231535,0
33.743580315,-84.625231535,0
33.74357533,-84.625232546,0
33.743568771,-84.625254034,0
33.743544745,-84.625277544,0
33.743537717,-84.625288288,0
33.743513691,-84.625311798,0
33.743474671,-84.625335308,0
33.743435183,-84.625348073,0
33.743419251,-84.625326585,0
33.743365873,-84.62530813,0
33.743292516,-84.625290685,0
33.743214643,-84.625284995,0
33.743161264,-84.625266539,0
33.743080411,-84.625249095,0
33.743020943,-84.625262871,0
33.742981455,-84.625275637,0
33.742973958,-84.625275637,0
33.742927442,-84.625299146,0
33.742863458,-84.625324678,0
33.742805397,-84.625370686,0
33.742740944,-84.625385473,0
33.742681945,-84.625409994,0
33.742655877,-84.625443237,0
33.742634325,-84.625464725,0
33.742632752,-84.625485202,0
33.742625725,-84.625495946,0
33.742623683,-84.625505679,0
33.742583725,-84.625507701,0
33.742535672,-84.62555472,0
33.742492604,-84.625600728,0
33.742457034,-84.625646736,0
33.742413497,-84.625682,0
33.742375415,-84.625726998,0
33.742325955,-84.625741785,0
33.742306445,-84.625753539,0
33.742281481,-84.625755561,0
33.742261971,-84.625767315,0
33.742249957,-84.62577907,0
33.742225462,-84.625791836,0
33.742200966,-84.625804601,0
33.74214401,-84.625819388,0
33.74205817,-84.625802953,0
33.742000744,-84.625806996,0
33.742000744,-84.625806996,0
33.741930367,-84.625801306,0
33.741864976,-84.625794605,0
33.74180755,-84.625798648,0
33.741730145,-84.625803701,0
33.741678174,-84.625817477,0
33.741639623,-84.62585173,0
33.741620582,-84.625874229,0
33.741608569,-84.625885984,0
33.741593446,-84.625941724,0
33.741538834,-84.62601023,0
33.74149436,-84.626024006,0
33.74144192,-84.626027038,0
33.741408989,-84.626018316,0
33.741374652,-84.625977362,0
33.74138479,-84.625922632,0
33.74140383,-84.625900133,0
33.741395396,-84.625878646,0
33.74138743,-84.625867902,0
33.741391947,-84.625856147,0
33.741402084,-84.625801417,0
33.741419718,-84.625746687,0
33.741427344,-84.625690947,0
33.741420951,-84.625659726,0
33.741417502,-84.625637227,0
33.741434032,-84.625613718,0
33.741449154,-84.625557977,0
33.741465684,-84.625534468,0
33.741450222,-84.625523724,0
33.741447241,-84.62551197,0
33.741451758,-84.625500215,0
33.74145082,-84.625478727,0
33.741462833,-84.625466973,0
33.741474377,-84.625444474,0
33.74148341,-84.625420965,0
33.741472464,-84.625398466,0
33.741469953,-84.625397456,0
33.741467442,-84.625396445,0
33.741467911,-84.625407189,0
33.741465399,-84.625406178,0
33.741465399,-84.625406178,0
33.741465399,-84.625406178,0
33.741465399,-84.625406178,0
33.741465399,-84.625406178,0
33.741462888,-84.625405167,0
33.741462888,-84.625405167,0
33.741463357,-84.625415911,0
33.741468343,-84.6254149,0
33.741460846,-84.6254149,0
33.741460377,-84.625404156,0
33.741465363,-84.625403146,0
33.741452411,-84.625393412,0
33.741456928,-84.625381658,0
33.741456928,-84.625381658,0
33.741449431,-84.625381658,0
33.741453948,-84.625369903,0
33.741458933,-84.625368892,0
33.741470477,-84.625346394,0
33.741474994,-84.625334639,0
33.741467028,-84.625323895,0
33.741470606,-84.625290653,0
33.741515081,-84.625276876,0
33.741538638,-84.625242623,0
33.741549713,-84.625209381,0
33.741562196,-84.62520837,0
33.741574209,-84.625196615,0
33.741578256,-84.625174116,0
33.741596193,-84.625182839,0
33.741596193,-84.625182839,0
33.741601179,-84.625181828,0
33.741596193,-84.625182839,0
33.741589166,-84.625193583,0
33.741562628,-84.625216081,0
33.7415556,-84.625226825,0
33.741529532,-84.625260068,0
33.741478967,-84.625306076,0
33.741439478,-84.625318841,0
33.741427934,-84.62534134,0
33.741411404,-84.625364849,0
33.741381923,-84.625378625,0
33.741368972,-84.625368892,0
33.741368503,-84.625358148,0
33.74136211,-84.625326928,0
33.741348221,-84.625295707,0
33.741334331,-84.625264486,0
33.741295946,-84.625246031,0
33.741245548,-84.62523933,0
33.741212149,-84.625219864,0
33.741185777,-84.625189654,0
33.741159405,-84.625159444,0
33.741145516,-84.625128224,0
33.741103681,-84.62508727,0
33.741069344,-84.625046316,0
33.741027978,-84.625016107,0
33.741007061,-84.62499563,0
33.740978178,-84.624964409,0
33.740967232,-84.624941911,0
33.740948789,-84.624919412,0
33.740924891,-84.624887181,0
33.740914883,-84.62488617,0
33.740912372,-84.624885159,0
33.740883019,-84.624843195,0
33.740870537,-84.624844205,0
33.740849151,-84.624812985,0
33.74083275,-84.624780753,0
33.740820268,-84.624781764,0
33.740819164,-84.624812985,0
33.740805108,-84.624834472,0
33.740790114,-84.624834472,0
33.740723784,-84.624806285,0
33.740683357,-84.624797563,0
33.740655412,-84.62478783,0
33.740640418,-84.62478783,0
33.740579543,-84.624769375,0
33.740541627,-84.624761664,0
33.740468269,-84.62474422,0
33.740401939,-84.624716032,0
33.740343106,-84.624687844,0
33.740292238,-84.624670401,0
33.740259308,-84.624661679,0
33.740253853,-84.624651946,0
33.740248868,-84.624652957,0
33.740228889,-84.624653968,0
33.740170056,-84.62462578,0
33.740103256,-84.624586849,0
33.740023975,-84.624548929,0
33.73996608,-84.624542229,0
33.739939708,-84.62451202,0
33.739881344,-84.624494576,0
33.739818464,-84.624488887,0
33.739768535,-84.624492931,0
33.739731088,-84.624495964,0
33.739693642,-84.624498997,0
33.739680221,-84.62447852,0
33.73964776,-84.624480542,0
33.739620753,-84.624492297,0
33.739581733,-84.624515806,0
33.73952725,-84.624528571,0
33.739489803,-84.624531604,0
33.739477321,-84.624532615,0
33.739404432,-84.624525915,0
33.739348414,-84.62456219,0
33.739341386,-84.624572933,0
33.739334358,-84.624583677,0
33.739314379,-84.624584688,0
33.739306882,-84.624584688,0
33.739299385,-84.624584688,0
33.739286903,-84.624585699,0
33.739281917,-84.62458671,0
33.739281917,-84.62458671,0
33.739237912,-84.62461123,0
33.739207962,-84.624614262,0
33.739151005,-84.62462905,0
33.739107,-84.62465357,0
33.739071899,-84.62471032,0
33.739038802,-84.624754305,0
33.738995735,-84.624800312,0
33.738943597,-84.624866796,0
33.738894439,-84.624945033,0
33.738836847,-84.625001784,0
33.738814228,-84.625057523,0
33.73877116,-84.62510353,0
33.738728562,-84.62516028,0
33.738678936,-84.625227774,0
33.738643834,-84.625284524,0
33.738630247,-84.625316754,0
33.738623219,-84.625327498,0
33.738623688,-84.625338242,0
33.738616191,-84.625338242,0
33.738605116,-84.625371483,0
33.738562517,-84.625428233,0
33.738558001,-84.625439987,0
33.738521962,-84.62547525,0
33.738478894,-84.625521257,0
33.738464369,-84.625532,0
33.73845781,-84.625553487,0
33.738463264,-84.62556322,0
33.73846169,-84.625583696,0
33.738463566,-84.625626671,0
33.738453898,-84.625692143,0
33.738431747,-84.625758625,0
33.738427064,-84.625823086,0
33.738427533,-84.62583383,0
33.738423017,-84.625845584,0
33.738423486,-84.625856328,0
33.738413348,-84.625911056,0
33.738404149,-84.625987272,0
33.738402446,-84.626063487,0
33.738392778,-84.626128959,0
33.738379062,-84.626216929,0
33.738382512,-84.626239426,0
33.73838034,-84.626304898,0
33.738403602,-84.626379092,0
33.738406884,-84.626454297,0
33.738407822,-84.626475784,0
33.738408291,-84.626486528,0
33.738408291,-84.626486528,0
33.738410636,-84.626540246,0
33.738433897,-84.62661444,0
33.738444676,-84.626689645,0
33.738482463,-84.626753096,0
33.738519312,-84.62679506,0
33.738528216,-84.62682729,0
33.738521656,-84.626848777,0
33.73851105,-84.626892762,0
33.738502486,-84.626927014,0
33.738484382,-84.626970999,0
33.738469259,-84.627026737,0
33.738459289,-84.627028758,0
33.738446807,-84.627029769,0
33.738410767,-84.627065031,0
33.738331787,-84.62709056,0
33.73830167,-84.627146298,0
33.738283566,-84.627190283,0
33.738284035,-84.627201026,0
33.738279519,-84.62721278,0
33.738268443,-84.627246021,0
33.738253789,-84.627312503,0
33.738258645,-84.627367231,0
33.738255066,-84.627400472,0
33.738251956,-84.627444457,0
33.73822137,-84.627489452,0
33.738203735,-84.62754418,0
33.738161136,-84.627600929,0
33.738131018,-84.627656667,0
33.738095447,-84.627702672,0
33.738071252,-84.627778887,0
33.738028652,-84.627835636,0
33.738018045,-84.62787962,0
33.737982474,-84.627925625,0
33.737939874,-84.627982373,0
33.737912268,-84.628039122,0
33.73787874,-84.628075393,0
33.737855651,-84.628120388,0
33.737838484,-84.628185859,0
33.737808366,-84.628241597,0
33.737782765,-84.628285581,0
33.737759207,-84.628319832,0
33.737728152,-84.628354083,0
33.737690068,-84.628399077,0
33.737639033,-84.628434338,0
33.737620929,-84.628478322,0
33.737602356,-84.628511563,0
33.737583783,-84.628544804,0
33.737585658,-84.628587777,0
33.737583614,-84.628597511,0
33.737583614,-84.628597511,0
33.737583614,-84.628597511,0
33.737583614,-84.628597511,0
33.737576117,-84.628597511,0
33.737589068,-84.628607244,0
33.737576586,-84.628608254,0
33.737576586,-84.628608254,0
33.737581571,-84.628607244,0
33.737574074,-84.628607244,0
33.737570026,-84.628629741,0
33.737538502,-84.628653249,0
33.737491984,-84.628676756,0
33.737460928,-84.628711006,0
33.737442355,-84.628744247,0
33.737377901,-84.628759031,0
33.737346377,-84.628782538,0
33.737303308,-84.628828542,0
33.737253848,-84.628843326,0
33.737218744,-84.628900074,0
33.737187689,-84.628934324,0
33.73714462,-84.628980328,0
33.737108579,-84.629015589,0
33.737076587,-84.629028352,0
33.737071602,-84.629029362,0
33.73705256,-84.629051859,0
33.737021035,-84.629075366,0
33.736982951,-84.62912036,0
33.736939414,-84.62915562,0
33.736886973,-84.629158651,0
33.736854043,-84.629149927,0
33.736800066,-84.629176464,0
33.736764026,-84.629211725,0
33.736732033,-84.629224488,0
33.736699571,-84.629226508,0
33.736654628,-84.629229538,0
33.736615137,-84.629242301,0
33.736575647,-84.629255065,0
33.736547234,-84.629234588,0
33.736506806,-84.629225865,0
33.736474345,-84.629227885,0
33.736443458,-84.629209428,0
33.736410528,-84.629200705,0
33.736391017,-84.629212458,0
33.736391486,-84.629223202,0
33.736388973,-84.629222192,0
33.73637696,-84.629233945,0
33.73637696,-84.629233945,0
33.73637696,-84.629233945,0
33.736377429,-84.629244688,0
33.736369931,-84.629244688,0
33.736369931,-84.629244688,0
33.736377429,-84.629244688,0
33.736377429,-84.629244688,0
33.736377429,-84.629244688,0
33.736377429,-84.629244688,0
33.736377429,-84.629244688,0
33.736377429,-84.629244688,0
33.736377429,-84.629244688,0
33.736377429,-84.629244688,0
33.736377429,-84.629244688,0
33.736377429,-84.629244688,0
33.736377429,-84.629244688,0
33.736377429,-84.629244688,0
33.736377429,-84.629244688,0
33.736377429,-84.629244688,0
33.736377429,-84.629244688,0
33.736377429,-84.629244688,0
33.736377429,-84.629244688,0
33.736377429,-84.629244688,0
33.736377429,-84.629244688,0
33.736377429,-84.629244688,0
33.736377429,-84.629244688,0
33.736377429,-84.629244688,0
33.736377429,-84.629244688,0
33.736377429,-84.629244688,0
33.736377429,-84.629244688,0
33.736377429,-84.629244688,0
33.736377429,-84.629244688,0
33.736377429,-84.629244688,0
33.736369931,-84.629244688,0
33.736369463,-84.629233945,0
33.736374448,-84.629232935,0
33.736374448,-84.629232935,0
33.736374448,-84.629232935,0
33.73636695,-84.629232935,0
33.73636695,-84.629232935,0
33.73636695,-84.629232935,0
33.73636695,-84.629232935,0
33.73636695,-84.629232935,0
33.73636695,-84.629232935,0
33.73636695,-84.629232935,0
33.73636695,-84.629232935,0
33.73636695,-84.629232935,0
33.73636695,-84.629232935,0
33.73636695,-84.629232935,0
33.73636695,-84.629232935,0
33.73636695,-84.629232935,0
33.73636695,-84.629232935,0
33.73636695,-84.629232935,0
33.73636695,-84.629232935,0
33.73636695,-84.629232935,0
33.73636695,-84.629232935,0
33.73636695,-84.629232935,0
33.736371935,-84.629231925,0
33.736371935,-84.629231925,0
33.736371935,-84.629231925,0
33.736371935,-84.629231925,0
33.736371935,-84.629231925,0
33.736372404,-84.629242668,0
33.736372404,-84.629242668,0
33.736372404,-84.629242668,0
33.736372404,-84.629242668,0
33.736372404,-84.629242668,0
33.736372404,-84.629242668,0
33.736372404,-84.629242668,0
33.736372404,-84.629242668,0
33.736372404,-84.629242668,0
33.736372404,-84.629242668,0
33.736371935,-84.629231925,0
33.736371935,-84.629231925,0
33.736379433,-84.629231925,0
33.736379433,-84.629231925,0
33.736379433,-84.629231925,0
33.736379433,-84.629231925,0
33.736379433,-84.629231925,0
33.736374448,-84.629232935,0
33.736374448,-84.629232935,0
33.736374448,-84.629232935,0
33.736374448,-84.629232935,0
33.736374448,-84.629232935,0
33.736374448,-84.629232935,0
33.736379433,-84.629231925,0
33.736379433,-84.629231925,0
33.736379433,-84.629231925,0
33.736379433,-84.629231925,0
33.736379433,-84.629231925,0
33.736379433,-84.629231925,0
33.736379433,-84.629231925,0
33.736379433,-84.629231925,0
33.736379433,-84.629231925,0
33.736379433,-84.629231925,0
33.736379433,-84.629231925,0
33.736374448,-84.629232935,0
33.736374448,-84.629232935,0
33.736374448,-84.629232935,0
33.736374448,-84.629232935,0
33.736369463,-84.629233945,0
33.73637696,-84.629233945,0
33.73637696,-84.629233945,0
33.73637696,-84.629233945,0
33.73637696,-84.629233945,0
33.73637696,-84.629233945,0
33.73637696,-84.629233945,0
33.73637696,-84.629233945,0
33.73637696,-84.629233945,0
33.73637696,-84.629233945,0
33.73637696,-84.629233945,0
33.73637696,-84.629233945,0
33.73637696,-84.629233945,0
33.73637696,-84.629233945,0
33.73637696,-84.629233945,0
33.73637696,-84.629233945,0
33.73637696,-84.629233945,0
33.73637696,-84.629233945,0
33.73637696,-84.629233945,0
33.73637696,-84.629233945,0
33.73637696,-84.629233945,0
33.73637696,-84.629233945,0
33.73637696,-84.629233945,0
33.73637696,-84.629233945,0
33.73637696,-84.629233945,0
33.73637696,-84.629233945,0
33.73637696,-84.629233945,0
33.73637696,-84.629233945,0
33.73637696,-84.629233945,0
33.73637696,-84.629233945,0
33.73637696,-84.629233945,0
33.73637696,-84.629233945,0
33.73637696,-84.629233945,0
33.73637696,-84.629233945,0
33.73637696,-84.629233945,0
33.73637696,-84.629233945,0
33.736371975,-84.629234955,0
33.736371975,-84.629234955,0
33.736372444,-84.629245698,0
33.736372444,-84.629245698,0
33.736372444,-84.629245698,0
33.736372444,-84.629245698,0
33.736372444,-84.629245698,0
33.736372444,-84.629245698,0
33.736372444,-84.629245698,0
33.736372444,-84.629245698,0
33.736372444,-84.629245698,0
33.736372444,-84.629245698,0
33.736372444,-84.629245698,0
33.736372444,-84.629245698,0
33.736372444,-84.629245698,0
33.736372444,-84.629245698,0
33.736372444,-84.629245698,0
33.736384457,-84.629233945,0
33.736392423,-84.629244688,0
33.736386969,-84.629234955,0
33.736386969,-84.629234955,0
33.736393998,-84.629224212,0
33.736389013,-84.629225222,0
33.736388544,-84.629214478,0
33.736371077,-84.629216498,0
33.736339085,-84.629229262,0
33.736319105,-84.629230272,0
33.736291629,-84.629231282,0
33.736281619,-84.629230272,0
33.736266156,-84.629219528,0
33.736263175,-84.629207775,0
33.73625474,-84.629186288,0
33.736253803,-84.629164802,0
33.736295805,-84.629153048,0
33.736322813,-84.629141295,0
33.736319364,-84.629118798,0
33.736322943,-84.629085558,0
33.736327459,-84.629073805,0
33.736327928,-84.629084548,0
33.736333381,-84.629094281,0
33.736338366,-84.629093271,0
33.736345863,-84.629093271,0
33.736345863,-84.629093271,0
33.736345863,-84.629093271,0
33.736345863,-84.629093271,0
33.736345863,-84.629093271,0
33.736345863,-84.629093271,0
33.736350848,-84.629092261,0
33.736350848,-84.629092261,0
33.736350848,-84.629092261,0
33.736351317,-84.629103005,0
33.736353829,-84.629104015,0
33.736353829,-84.629104015,0
33.736349313,-84.629115768,0
33.736317789,-84.629139275,0
33.73627783,-84.629141295,0
33.736245837,-84.629154058,0
33.736181383,-84.629168842,0
33.736125363,-84.629205112,0
33.736098823,-84.629227609,0
33.736086341,-84.629228619,0
33.73604732,-84.629252125,0
33.735998797,-84.629288395,0
33.735934811,-84.629313922,0
33.735875342,-84.629327695,0
33.735839301,-84.629362955,0
33.735833848,-84.629353222,0
33.735821365,-84.629354232,0
33.735792822,-84.629389491,0
33.735744768,-84.629436504,0
33.735702806,-84.629451288,0
33.735659268,-84.629486547,0
33.735623227,-84.629521807,0
33.735599669,-84.629556057,0
33.735580627,-84.629578553,0
33.735550508,-84.629634289,0
33.735523371,-84.629701778,0
33.735483282,-84.629759534,0
33.735467221,-84.629793784,0
33.735440084,-84.629861273,0
33.735410135,-84.629864303,0
33.735418569,-84.629885789,0
33.73543497,-84.629918019,0
33.73543139,-84.629951258,0
33.735416266,-84.630006994,0
33.73539522,-84.630042253,0
33.735397733,-84.630043263,0
33.735391641,-84.630075493,0
33.735357475,-84.630153725,0
33.73532284,-84.630221214,0
33.735307716,-84.63027695,0
33.735305542,-84.630342419,0
33.735318363,-84.630407888,0
33.735314784,-84.630441127,0
33.735332121,-84.630494843,0
33.735352908,-84.630571055,0
33.735390225,-84.630623762,0
33.735403045,-84.630689231,0
33.735415866,-84.6307547,0
33.735431329,-84.630765443,0
33.735444748,-84.63078592,0
33.735452714,-84.630796663,0
33.735462086,-84.630839636,0
33.735457399,-84.630904095,0
33.735462254,-84.630958821,0
33.735472562,-84.631023281,0
33.735496758,-84.63111896,0
33.735524533,-84.6311814,0
33.735563723,-84.63127708,0
33.735572626,-84.631309309,0
33.735597928,-84.631373769,0
33.735623231,-84.631438228,0
33.735641036,-84.631502688,0
33.735672728,-84.631598368,0
33.735683036,-84.631662827,0
33.735692876,-84.631716544,0
33.735722524,-84.631821957,0
33.735759201,-84.631916628,0
33.735781523,-84.631969335,0
33.735800264,-84.632055281,0
33.735826035,-84.632130484,0
33.735843371,-84.6321842,0
33.735889121,-84.632258394,0
33.735924393,-84.632320835,0
33.735963113,-84.632405772,0
33.735980918,-84.632470232,0
33.736011205,-84.632533682,0
33.736048989,-84.632597133,0
33.73606773,-84.632683079,0
33.736073052,-84.632748549,0
33.736065892,-84.632815027,0
33.736044206,-84.632892249,0
33.736029549,-84.632958728,0
33.736027843,-84.63303494,0
33.73605749,-84.633140355,0
33.736106648,-84.633234017,0
33.736148948,-84.633285715,0
33.736175317,-84.633315927,0
33.736188268,-84.633325661,0
33.736197638,-84.633368634,0
33.736219491,-84.633410599,0
33.736236358,-84.633453572,0
33.736241212,-84.633508298,0
33.736251519,-84.633572758,0
33.736301784,-84.6336352,0
33.736310218,-84.633656687,0
33.736315671,-84.633666421,0
33.736324573,-84.633698651,0
33.736345957,-84.633729872,0
33.736359376,-84.633750349,0
33.736375307,-84.633771836,0
33.736390769,-84.63378258,0
33.736403251,-84.63378157,0
33.736410748,-84.63378157,0
33.736424167,-84.633802048,0
33.736431664,-84.633802048,0
33.736426977,-84.633866508,0
33.73643183,-84.633921234,0
33.7364412,-84.633964208,0
33.736426542,-84.634030686,0
33.736428884,-84.634084403,0
33.736430288,-84.634116633,0
33.73644558,-84.634180085,0
33.736464451,-84.634210297,0
33.736472417,-84.63422104,0
33.736494737,-84.634273748,0
33.736510497,-84.634347943,0
33.736528768,-84.634423147,0
33.736531578,-84.634487607,0
33.736528934,-84.634542333,0
33.736533319,-84.634586316,0
33.736536128,-84.634650776,0
33.736533952,-84.634716246,0
33.736542853,-84.634748476,0
33.736543322,-84.634759219,0
33.73654379,-84.634769963,0
33.736535692,-84.634814954,0
33.736550984,-84.634878406,0
33.736553324,-84.634932123,0
33.73655068,-84.634986849,0
33.736559582,-84.635019079,0
33.736553021,-84.635040566,0
33.736585014,-84.635027805,0
33.736617476,-84.635025787,0
33.736680526,-84.634978777,0
33.736731562,-84.63494352,0
33.736758571,-84.634931768,0
33.736811479,-84.634939484,0
33.736831327,-84.634994211,0
33.73684913,-84.635058671,0
33.73686084,-84.635155362,0
33.736850699,-84.635210088,0
33.736834636,-84.635244337,0
33.736833396,-84.635331293,0
33.736831688,-84.635407506,0
33.736853368,-84.635502179,0
33.736882077,-84.635586109,0
33.736892851,-84.635661314,0
33.736896127,-84.635736518,0
33.736914866,-84.635822466,0
33.73692564,-84.63589767,0
33.736943443,-84.635962131,0
33.736958733,-84.636025583,0
33.736981989,-84.636099779,0
33.736985265,-84.636174983,0
33.736996507,-84.636260931,0
33.737019762,-84.636335127,0
33.737023039,-84.636410331,0
33.73702133,-84.636486544,0
33.737044585,-84.63656074,0
33.737067373,-84.636624193,0
33.737072693,-84.636689662,0
33.737090963,-84.636764867,0
33.737109701,-84.636850815,0
33.737136404,-84.636947506,0
33.73717261,-84.637031438,0
33.737188368,-84.637105634,0
33.73718726,-84.637136856,0
33.737200678,-84.637157334,0
33.737202082,-84.637189565,0
33.737205357,-84.63726477,0
33.737229548,-84.637360453,0
33.7372603,-84.637434649,0
33.737290584,-84.637498102,0
33.737322272,-84.637593786,0
33.737348039,-84.637668991,0
33.737370358,-84.6377217,0
33.737404691,-84.637762657,0
33.737410144,-84.637772392,0
33.737423094,-84.637782128,0
33.737422626,-84.637771384,0
33.737444009,-84.637802606,0
33.737451506,-84.637802606,0
33.737452442,-84.637824094,0
33.737507222,-84.637874786,0
33.737549053,-84.637915744,0
33.737597912,-84.637945958,0
33.737605877,-84.637956701,0
33.737618827,-84.637966437,0
33.737618827,-84.637966437,0
33.737623344,-84.637954685,0
33.737630841,-84.637954685,0
33.737638338,-84.637954685,0
33.737638338,-84.637954685,0
33.737643324,-84.637953676,0
33.737650353,-84.637942933,0
33.737650353,-84.637942933,0
33.737650353,-84.637942933,0
33.737650821,-84.637953676,0
33.737638338,-84.637954685,0
33.737632885,-84.637944949,0
33.737632885,-84.637944949,0
33.737632885,-84.637944949,0
33.737640382,-84.637944949,0
33.737640382,-84.637944949,0
33.737640382,-84.637944949,0
33.73764085,-84.637955693,0
33.73764085,-84.637955693,0
33.737641318,-84.637966437,0
33.737641318,-84.637966437,0
33.737641318,-84.637966437,0
33.737641318,-84.637966437,0
33.737646771,-84.637976172,0
33.737646771,-84.637976172,0
33.737646771,-84.637976172,0
33.737659254,-84.637975163,0
33.737659254,-84.637975163,0
33.737659254,-84.637975163,0
33.737659254,-84.637975163,0
33.737659254,-84.637975163,0
33.737659254,-84.637975163,0
33.737659254,-84.637975163,0
33.737659254,-84.637975163,0
33.737664239,-84.637974155,0
33.737659721,-84.637985907,0
33.737664707,-84.637984899,0
33.737664707,-84.637984899,0
33.737659721,-84.637985907,0
33.737655204,-84.637997659,0
33.737663169,-84.638008403,0
33.737662701,-84.637997659,0
33.737670198,-84.637997659,0
33.737670198,-84.637997659,0
33.737675183,-84.637996651,0
33.737667686,-84.637996651,0
33.737676587,-84.638028881,0
33.737686424,-84.638082599,0
33.73770031,-84.638113822,0
33.73770921,-84.638146053,0
33.737735912,-84.638242745,0
33.737786175,-84.63830519,0
33.73783597,-84.638356892,0
33.737881248,-84.638420345,0
33.737934624,-84.638438808,0
33.73799503,-84.638446526,0
33.7380545,-84.638432758,0
33.738100552,-84.63839851,0
33.738139107,-84.638364263,0
33.738205138,-84.638329007,0
33.738268657,-84.638292742,0
33.73830768,-84.638269238,0
33.738362766,-84.638211487,0
33.738405838,-84.638165487,0
33.738468889,-84.638118479,0
33.738524444,-84.63807147,0
33.73857953,-84.638013718,0
33.738617617,-84.637968727,0
33.738680668,-84.637921718,0
33.738723272,-84.637864975,0
33.738774309,-84.637829718,0
33.738830331,-84.637793453,0
33.738873403,-84.637747453,0
33.738916475,-84.637701453,0
33.738964064,-84.6376437,0
33.738993718,-84.637577221,0
33.739026351,-84.637522494,0
33.739056005,-84.637456014,0
33.739106573,-84.637410014,0
33.73914466,-84.637365022,0
33.739177293,-84.637310295,0
33.739227861,-84.637264294,0
33.739258451,-84.637219302,0
33.739289976,-84.637195797,0
33.739320566,-84.637150805,0
33.739335091,-84.637140061,0
33.739348213,-84.637097086,0
33.739380846,-84.637042359,0
33.739398953,-84.636998375,0
33.739415017,-84.636964127,0
33.739419238,-84.63688892,0
33.739424394,-84.636835202,0
33.739404587,-84.6367835,0
33.739384311,-84.636721055,0
33.739376518,-84.636657601,0
33.739389639,-84.636614626,0
33.739419292,-84.636548146,0
33.739416952,-84.636494428,0
33.739436634,-84.636429965,0
33.739441791,-84.636376246,0
33.739458962,-84.636310775,0
33.739483629,-84.636245304,0
33.739501268,-84.636190577,0
33.739511878,-84.636146593,0
33.739532496,-84.636103618,0
33.739550603,-84.636059634,0
33.739555291,-84.635995172,0
33.739569482,-84.635917948,0
33.739576042,-84.635896461,0
33.739576511,-84.635907204,0
33.739573569,-84.635898478,0
33.739573569,-84.635898478,0
33.739571095,-84.635900496,0
33.739578592,-84.635900496,0
33.739578592,-84.635900496,0
33.739573138,-84.635890761,0
33.739577187,-84.635868265,0
33.7395803,-84.635824281,0
33.739602456,-84.635757801,0
33.739622568,-84.635701056,0
33.739636158,-84.635668825,0
33.739631172,-84.635669834,0
33.739634152,-84.635681586,0
33.739648677,-84.635670842,0
33.739648677,-84.635670842,0
33.739650854,-84.635605371,0
33.739665513,-84.635538891,0
33.739673313,-84.635430445,0
33.739687504,-84.635353221,0
33.739698582,-84.635319981,0
33.739717624,-84.635297485,0
33.739717624,-84.635297485,0
33.739716859,-84.635223287,0
33.739712006,-84.63516856,0
33.739679248,-84.635107124,0
33.739636481,-84.63504468,0
33.739601211,-84.634982236,0
33.73957233,-84.634951013,0
33.73957233,-84.634951013,0
33.739564833,-84.634951013,0
33.739564833,-84.634951013,0
33.739564365,-84.63494027,0
33.739556868,-84.63494027,0
33.739556868,-84.63494027,0
33.739549371,-84.63494027,0
33.739549371,-84.63494027,0
33.739549371,-84.63494027,0
33.739541406,-84.634929526,0
33.739541406,-84.634929526,0
33.739541406,-84.634929526,0
33.739541406,-84.634929526,0
33.739541406,-84.634929526,0
33.739541406,-84.634929526,0
33.739541406,-84.634929526,0
33.739541406,-84.634929526,0
33.739541406,-84.634929526,0
33.739541406,-84.634929526,0
33.739541406,-84.634929526,0
33.739541406,-84.634929526,0
33.739541406,-84.634929526,0
33.739541406,-84.634929526,0
33.739541406,-84.634929526,0
33.739541406,-84.634929526,0
33.739541406,-84.634929526,0
33.739541406,-84.634929526,0
33.739541406,-84.634929526,0
33.739541406,-84.634929526,0
33.739548903,-84.634929526,0
33.739548903,-84.634929526,0
33.739548903,-84.634929526,0
33.739548903,-84.634929526,0
33.739548903,-84.634929526,0
33.739548903,-84.634929526,0
33.739553889,-84.634928517,0
33.739553889,-84.634928517,0
33.739553889,-84.634928517,0
33.739553889,-84.634928517,0
33.739553889,-84.634928517,0
33.739553889,-84.634928517,0
33.739553889,-84.634928517,0
33.739553889,-84.634928517,0
33.739553889,-84.634928517,0
33.739553889,-84.634928517,0
33.739553889,-84.634928517,0
33.739553889,-84.634928517,0
33.739553889,-84.634928517,0
33.739553889,-84.634928517,0
33.739553889,-84.634928517,0
33.739553889,-84.634928517,0
33.739553889,-84.634928517,0
33.739553889,-84.634928517,0
33.739553889,-84.634928517,0
33.739571824,-84.634937243,0
33.739575873,-84.634914746,0
33.739588355,-84.634913737,0
33.739590867,-84.634914746,0
33.739591335,-84.63492549,0
33.739590867,-84.634914746,0
33.739613958,-84.634869754,0
33.739652044,-84.634824761,0
33.739675603,-84.634790512,0
33.739731624,-84.634754245,0
33.739795142,-84.634717977,0
33.739855212,-84.634659214,0
33.739906247,-84.634623955,0
33.73994587,-84.634555457,0
33.740001423,-84.634508445,0
33.740056507,-84.63445069,0
33.740098641,-84.634383201,0
33.740149208,-84.634337198,0
33.74019181,-84.634280452,0
33.740210384,-84.634247212,0
33.740210384,-84.634247212,0
33.74022193,-84.634224715,0
33.740256099,-84.634146481,0
33.740285751,-84.63408,0
33.740320387,-84.63401251,0
33.740349571,-84.633935285,0
33.740374237,-84.633869813,0
33.740395455,-84.633781845,0
33.740422126,-84.633703611,0
33.740450841,-84.633615642,0
33.740478449,-84.633558895,0
33.740493107,-84.633492414,0
33.740510106,-84.633479652,0
33.740510575,-84.633490395,0
33.740510575,-84.633490395,0
33.740510575,-84.633490395,0
33.740509638,-84.633468908,0
33.740529919,-84.633359451,0
33.740554117,-84.633283235,0
33.740576739,-84.633227498,0
33.740618404,-84.633149263,0
33.74067004,-84.63306901,0
33.74068674,-84.632992794,0
33.740702972,-84.632905834,0
33.740723721,-84.632807121,0
33.740733861,-84.632752392,0
33.740747582,-84.632664423,0
33.74078175,-84.632586188,0
33.740820903,-84.632506944,0
33.740864441,-84.632471684,0
33.740907341,-84.63247839,0
33.740925278,-84.632487115,0
33.740925278,-84.632487115,0
33.740963193,-84.63249483,0
33.740962724,-84.632484087,0
33.740982703,-84.632483077,0
33.741038123,-84.632491802,0
33.741065599,-84.632490793,0
33.741106025,-84.632499518,0
33.741176869,-84.632515958,0
33.741241792,-84.63251192,0
33.741254274,-84.632510911,0
33.741294232,-84.632508892,0
33.741352126,-84.632515598,0
33.741417516,-84.632522304,0
33.741488361,-84.632538745,0
33.741540801,-84.632535717,0
33.741585276,-84.632521944,0
33.741666129,-84.632539394,0
33.741736505,-84.632545091,0
33.741788945,-84.632542063,0
33.741867286,-84.632558503,0
33.741940642,-84.632575954,0
33.742006501,-84.632593404,0
33.742088759,-84.632643086,0
33.742154149,-84.632649792,0
33.742186611,-84.632647773,0
33.742196113,-84.63263501,0
33.742200631,-84.632623257,0
33.742192666,-84.632612513,0
33.742225127,-84.632610494,0
33.742282552,-84.632606456,0
33.742340447,-84.632613163,0
33.742400852,-84.632620878,0
33.742441278,-84.632629603,0
33.742468753,-84.632628594,0
33.742524173,-84.632637319,0
33.742577081,-84.632645035,0
33.742642472,-84.632651741,0
33.742707862,-84.632658448,0
33.742773721,-84.632675898,0
33.742822113,-84.632695367,0
33.742882986,-84.632713827,0
33.742943391,-84.632721543,0
33.743006775,-84.632741012,0
33.743049243,-84.632740003,0
33.743105131,-84.632759472,0
33.743158039,-84.632767188,0
33.743219381,-84.632796392,0
33.743293205,-84.632824587,0
33.743341127,-84.632833312,0
33.743361106,-84.632832303,0
33.743373588,-84.632831293,0
33.743381553,-84.632842037,0
33.74338905,-84.632842037,0
33.74338905,-84.632842037,0
33.743420405,-84.632871242,0
33.7434613,-84.632890711,0
33.743521067,-84.632940394,0
33.743552423,-84.632969599,0
33.743586289,-84.632999812,0
33.74362561,-84.633039761,0
33.743674001,-84.633059231,0
33.743715832,-84.633100189,0
33.743770614,-84.633150881,0
33.743824459,-84.633180086,0
33.743871276,-84.633220035,0
33.743915582,-84.633258974,0
33.743954903,-84.633298923,0
33.743976287,-84.633330146,0
33.743984251,-84.633340891,0
33.743991748,-84.633340891,0
33.743997202,-84.633350626,0
33.743997202,-84.633350626,0
33.744017649,-84.63336036,0
33.744039033,-84.633391584,0
33.744044487,-84.633401319,0
33.744057438,-84.633411054,0
33.744057438,-84.633411054,0
33.744077885,-84.633420789,0
33.744124702,-84.633460738,0
33.744158569,-84.633490952,0
33.744204449,-84.633509413,0
33.74423035,-84.633528882,0
33.744237847,-84.633528882,0
33.744243769,-84.633549362,0
33.744251734,-84.633560106,0
33.744251734,-84.633560106,0
33.744272181,-84.633569841,0
33.74427516,-84.633581595,0
33.74430404,-84.633612818,0
33.744331984,-84.633622553,0
33.744360396,-84.633643032,0
33.744367892,-84.633643032,0
33.744367892,-84.633643032,0
33.744369934,-84.633633297,0
33.744382885,-84.633643032,0
33.744416283,-84.633662502,0
33.744452022,-84.633735694,0
33.744479797,-84.633798141,0
33.744494153,-84.633840109,0
33.744510551,-84.633872342,0
33.744537857,-84.633924045,0
33.744572192,-84.633965004,0
33.744606526,-84.634005963,0
33.744614959,-84.634027451,0
33.744614959,-84.634027451,0
33.744635874,-84.634047931,0
33.744641797,-84.63406841,0
33.74465023,-84.634089899,0
33.744689082,-84.634119104,0
33.744708424,-84.634160063,0
33.74472636,-84.634168789,0
33.74475273,-84.634199004,0
33.744774114,-84.634230228,0
33.74478442,-84.634294694,0
33.744820159,-84.634367886,0
33.74484887,-84.634451823,0
33.744880092,-84.634536769,0
33.744889461,-84.634579746,0
33.744917236,-84.634642194,0
33.744939556,-84.634694907,0
33.744969373,-84.63474762,0
33.745011671,-84.634799324,0
33.74503446,-84.634862781,0
33.745069262,-84.634914485,0
33.745105469,-84.634998422,0
33.745148236,-84.63506087,0
33.745170088,-84.635102839,0
33.745200841,-84.635177041,0
33.745237048,-84.635260979,0
33.745277304,-84.635322418,0
33.745331448,-84.635415082,0
33.745339881,-84.635436571,0
33.745332853,-84.635447316,0
33.745328335,-84.635459069,0
33.745335831,-84.635459069,0
33.745336768,-84.635480558,0
33.745358151,-84.635511782,0
33.745387967,-84.635564496,0
33.745415741,-84.635626945,0
33.745451012,-84.635689394,0
33.745473331,-84.635742107,0
33.745485814,-84.635741098,0
33.745485814,-84.635741098,0
33.745485814,-84.635741098,0
33.745498764,-84.635750834,0
33.745499233,-84.635761578,0
33.745525602,-84.635791794,0
33.7455679,-84.635843499,0
33.745597716,-84.635896212,0
33.745619568,-84.635938181,0
33.745653902,-84.635979142,0
33.745664376,-84.635990895,0
33.745672341,-84.63600164,0
33.745706207,-84.636031855,0
33.745735554,-84.636073825,0
33.745770356,-84.63612553,0
33.745817641,-84.636176226,0
33.745851506,-84.636206442,0
33.745906755,-84.636267882,0
33.745946543,-84.636318579,0
33.745967926,-84.636349804,0
33.746010693,-84.636412253,0
33.746025516,-84.636464967,0
33.746052353,-84.636505928,0
33.746074205,-84.636547898,0
33.746108538,-84.636588858,0
33.746129453,-84.636609339,0
33.746171283,-84.6366503,0
33.746171283,-84.6366503,0
33.746171283,-84.6366503,0
33.746171283,-84.6366503,0
33.746171283,-84.6366503,0
33.746171283,-84.6366503,0
33.746171283,-84.6366503,0
33.746171283,-84.6366503,0
33.746193135,-84.636692269,0
33.746247915,-84.636742966,0
33.746295199,-84.636793663,0
33.746337497,-84.636845369,0
33.746375277,-84.636908828,0
33.746417575,-84.636960533,0
33.746472824,-84.637021975,0
33.746515122,-84.637073681,0
33.746577866,-84.637135123,0
33.746632647,-84.63718582,0
33.746682441,-84.637237526,0
33.746723802,-84.637267743,0
33.746760646,-84.637309713,0
33.746809504,-84.63733993,0
33.74687178,-84.637390627,0
33.746939043,-84.637440316,0
33.746980872,-84.637481278,0
33.747036121,-84.63754272,0
33.747084978,-84.637572937,0
33.747133368,-84.637592409,0
33.747201268,-84.637600128,0
33.747264182,-84.637608856,0
33.74730414,-84.637606839,0
33.7473786,-84.637593068,0
33.747428563,-84.63759206,0
33.747473507,-84.637589034,0
33.747547967,-84.637575264,0
33.747613357,-84.637581974,0
33.747660343,-84.637569212,0
33.747732761,-84.637565178,0
33.747799257,-84.637540663,0
33.747858257,-84.637516148,0
33.747901796,-84.637480887,0
33.747967824,-84.637445627,0
33.748030406,-84.637387869,0
33.748077527,-84.637319366,0
33.748123713,-84.637229373,0
33.74816287,-84.637150125,0
33.748197041,-84.637071885,0
33.748239644,-84.637015135,0
33.748287702,-84.636968121,0
33.748317354,-84.636901635,0
33.748369494,-84.636835148,0
33.748420062,-84.636789143,0
33.748490139,-84.636731384,0
33.74853572,-84.636686387,0
33.748584882,-84.636608147,0
33.748642477,-84.636551396,0
33.748697094,-84.636482892,0
33.748740165,-84.636436886,0
33.748783705,-84.636401626,0
33.748841299,-84.636344875,0
33.74888437,-84.636298869,0
33.74888437,-84.636298869,0
33.748915427,-84.636264617,0
33.74895147,-84.636229356,0
33.748982994,-84.636205848,0
33.748982994,-84.636205848,0
33.74899049,-84.636205848,0
33.74899049,-84.636205848,0
33.748995477,-84.636204839,0
33.748999995,-84.636193086,0
33.748999995,-84.636193086,0
33.74901201,-84.636181332,0
33.749055549,-84.636146071,0
33.749106584,-84.636110809,0
33.749158087,-84.636086293,0
33.749177129,-84.636063794,0
33.749225654,-84.636027524,0
33.749280739,-84.635969764,0
33.749328329,-84.635912004,0
33.749375449,-84.635843499,0
33.749405101,-84.635777011,0
33.749439739,-84.635709515,0
33.749439271,-84.63569877,0
33.7494633,-84.635675262,0
33.749492951,-84.635608775,0
33.749497001,-84.635586276,0
33.74952508,-84.635540269,0
33.749557677,-84.635482509,0
33.749592315,-84.635415012,0
33.749640373,-84.635367996,0
33.749667983,-84.635311245,0
33.749703089,-84.635254493,0
33.7497307,-84.635197741,0
33.749749877,-84.635119499,0
33.749758614,-84.63503253,0
33.749765777,-84.634966042,0
33.749767486,-84.634889818,0
33.749749215,-84.634814603,0
33.74973891,-84.634750134,0
33.749727199,-84.634653429,0
33.749724857,-84.634599704,0
33.749739985,-84.634543961,0
33.749768699,-84.634455983,0
33.749780881,-84.634391513,0
33.749786035,-84.634337788,0
33.749798216,-84.634273319,0
33.749815385,-84.63420784,0
33.749830044,-84.634141351,0
33.749823787,-84.634054382,0
33.749837509,-84.633966404,0
33.749871678,-84.633888162,0
33.749893833,-84.633821673,0
33.749927533,-84.633732686,0
33.749929241,-84.633656462,0
33.749930949,-84.633580238,0
33.749912678,-84.633505023,0
33.749886911,-84.633429808,0
33.749870514,-84.633397573,0
33.749870514,-84.633397573,0
33.74987801,-84.633397573,0
33.749852108,-84.633378102,0
33.7498248,-84.633326396,0
33.749799367,-84.63331767,0
33.749785947,-84.633297189,0
33.749775641,-84.63323272,0
33.749758307,-84.633178995,0
33.74975737,-84.633157505,0
33.749792007,-84.633090007,0
33.749838657,-84.633010755,0
33.749875168,-84.632986237,0
33.749925734,-84.632940228,0
33.74998316,-84.632936191,0
33.750027635,-84.632922417,0
33.750056348,-84.632834439,0
33.750078034,-84.632757205,0
33.750100188,-84.632690716,0
33.750138874,-84.632600718,0
33.750193958,-84.632542955,0
33.750229063,-84.632486201,0
33.750289133,-84.632427429,0
33.750339699,-84.63238142,0
33.750382299,-84.632324666,0
33.750457361,-84.632265893,0
33.750513382,-84.63222962,0
33.750585331,-84.632214836,0
33.750628401,-84.632168827,0
33.750664443,-84.632133563,0
33.750676457,-84.632121809,0
33.750681444,-84.632120799,0
33.75070594,-84.632108035,0
33.750749478,-84.632072771,0
33.750805967,-84.632047242,0
33.750849974,-84.632022723,0
33.750908503,-84.631987459,0
33.750964992,-84.63196193,0
33.751008999,-84.631937411,0
33.751067997,-84.631912892,0
33.751110598,-84.631856137,0
33.751160694,-84.631799383,0
33.751203295,-84.631742628,0
33.751241981,-84.631652629,0
33.751276617,-84.631585129,0
33.751308275,-84.631505874,0
33.75132387,-84.631460874,0
33.751347096,-84.631360129,0
33.751361753,-84.631293639,0
33.751384844,-84.631248639,0
33.75143899,-84.631169384,0
33.751476603,-84.631113638,0
33.751500162,-84.631079383,0
33.751537307,-84.631012893,0
33.751546978,-84.630947412,0
33.751545572,-84.630915177,0
33.751561332,-84.630817461,0
33.751597539,-84.63072948,0
33.751627188,-84.630662989,0
33.751675878,-84.630573998,0
33.75171754,-84.630495753,0
33.751757163,-84.630427242,0
33.751816763,-84.630357721,0
33.751860301,-84.630322456,0
33.751912272,-84.630308681,0
33.751943326,-84.630274425,0
33.751972341,-84.630249905,0
33.751995431,-84.630204904,0
33.752031004,-84.630158894,0
33.752090136,-84.630078627,0
33.752154121,-84.630053097,0
33.752204216,-84.629996341,0
33.752213886,-84.629930859,0
33.752183599,-84.629867398,0
33.752160808,-84.629803937,0
33.752142535,-84.629728721,0
33.752108199,-84.62968776,0
33.752075269,-84.629679035,0
33.752020955,-84.629639085,0
33.751978185,-84.629576634,0
33.751952416,-84.629501418,0
33.751901213,-84.629417477,0
33.751862962,-84.629343271,0
33.751858578,-84.629299281,0
33.751841242,-84.629245555,0
33.751819388,-84.629203584,0
33.751783645,-84.629130389,0
33.751740407,-84.629057193,0
33.751718084,-84.629004478,0
33.751695293,-84.628941017,0
33.75168639,-84.628908782,0
33.751678894,-84.628908782,0
33.75167093,-84.628898037,0
33.75167451,-84.628864791,0
33.751726012,-84.62884027,0
33.751757535,-84.62881676,0
33.751823395,-84.628834209,0
33.751881759,-84.628851658,0
33.751940123,-84.628869107,0
33.75197399,-84.628899322,0
33.752011438,-84.628896292,0
33.752061369,-84.628892251,0
33.752103804,-84.62888821,0
33.752146403,-84.628831453,0
33.752167617,-84.628743471,0
33.752206301,-84.628653468,0
33.752232502,-84.628564476,0
33.752259172,-84.628486228,0
33.752277878,-84.628397236,0
33.752300029,-84.628330744,0
33.752327168,-84.628263241,0
33.752383657,-84.628237709,0
33.752441083,-84.628233668,0
33.752477593,-84.628209146,0
33.752499745,-84.628142654,0
33.752525477,-84.628042916,0
33.752535615,-84.627988179,0
33.752551678,-84.627953923,0
33.752575705,-84.627930411,0
33.752606759,-84.627896155,0
33.7526428,-84.627860888,0
33.752654345,-84.627838387,0
33.752654345,-84.627838387,0
33.752653876,-84.627827642,0
33.752661372,-84.627827642,0
33.752661372,-84.627827642,0
33.752666359,-84.627826631,0
33.752658863,-84.627826631,0
33.752653876,-84.627827642,0
33.752653876,-84.627827642,0
33.752625464,-84.627807162,0
33.752584569,-84.627787692,0
33.752526205,-84.627770243,0
33.752491868,-84.627729283,0
33.752437553,-84.627689334,0
33.75237872,-84.62766114,0
33.752330962,-84.627599701,0
33.75230817,-84.62753624,0
33.752289426,-84.627450278,0
33.752254151,-84.627387828,0
33.752223394,-84.627313622,0
33.752180154,-84.627240427,0
33.752131927,-84.627168243,0
33.752096183,-84.627095048,0
33.752041868,-84.627055099,0
33.752033903,-84.627044354,0
33.752025938,-84.627033609,0
33.752023429,-84.627032598,0
33.751993915,-84.627043343,0
33.751942414,-84.627067865,0
33.751899815,-84.627124623,0
33.751851761,-84.627171646,0
33.751795272,-84.627197178,0
33.751757355,-84.627189465,0
33.751717899,-84.627205263,0
33.751674393,-84.627243562,0
33.751623993,-84.627236859,0
33.75159809,-84.62721739,0
33.751559837,-84.627143185,0
33.751553443,-84.62711196,0
33.751552505,-84.62709047,0
33.751561705,-84.627014244,0
33.751571842,-84.626959508,0
33.75158198,-84.626904772,0
33.751595697,-84.62681679,0
33.751585387,-84.626752319,0
33.751597533,-84.626684817,0
33.751616706,-84.626606569,0
33.751637286,-84.626560557,0
33.751664893,-84.626503799,0
33.751700464,-84.626457787,0
33.751770373,-84.626452733,0
33.751832317,-84.626436934,0
33.751896301,-84.626411401,0
33.751957307,-84.626374112,0
33.752026747,-84.626358314,0
33.752096656,-84.62635326,0
33.752159069,-84.626348206,0
33.752221952,-84.626353898,0
33.752279847,-84.6263606,0
33.752341792,-84.626344801,0
33.75236331,-84.626320279,0
33.752373284,-84.626318257,0
33.75238031,-84.626307512,0
33.752400289,-84.626306501,0
33.752431812,-84.626282989,0
33.752492349,-84.626234955,0
33.752536354,-84.626210432,0
33.752580829,-84.626196654,0
33.752642773,-84.626180855,0
33.752697691,-84.626175801,0
33.752742635,-84.626172769,0
33.752797084,-84.62615697,0
33.752809566,-84.626155959,0
33.752814553,-84.626154948,0
33.752844037,-84.626141171,0
33.752900056,-84.626104892,0
33.752936566,-84.626080369,0
33.753000081,-84.62604409,0
33.753037529,-84.626041057,0
33.753082473,-84.626038025,0
33.753147395,-84.626033982,0
33.753207932,-84.625985947,0
33.753255517,-84.625928177,0
33.753307019,-84.625903654,0
33.753340082,-84.625856629,0
33.75338064,-84.625809604,0
33.753383588,-84.625818328,0
33.753403536,-84.625814284,0
33.753436599,-84.625767259,0
33.753474649,-84.625719224,0
33.753533147,-84.625680922,0
33.753551219,-84.625633897,0
33.753551688,-84.625644643,0
33.753544192,-84.625644643,0
33.753543723,-84.625633897,0
33.753556206,-84.625632886,0
33.75354871,-84.625632886,0
33.753556206,-84.625632886,0
33.75356822,-84.62562113,0
33.753611756,-84.625585861,0
33.753666837,-84.625528091,0
33.753697891,-84.625493833,0
33.753715361,-84.625491811,0
33.753751402,-84.625456542,0
33.753802903,-84.625432018,0
33.753862971,-84.625373236,0
33.753893086,-84.625317487,0
33.753902754,-84.625252004,0
33.75391289,-84.625197266,0
33.753919917,-84.62518652,0
33.753943475,-84.625152262,0
33.753949563,-84.625120026,0
33.753949094,-84.62510928,0
33.753960638,-84.625086778,0
33.753990284,-84.625020284,0
33.754004469,-84.624943044,0
33.753988702,-84.624868837,0
33.753976983,-84.624772128,0
33.753993207,-84.624685153,0
33.753996949,-84.62459919,0
33.754006147,-84.624522961,0
33.753997875,-84.624448754,0
33.753999108,-84.62436178,0
33.754011283,-84.624297307,0
33.754002542,-84.624212355,0
33.753988813,-84.624128414,0
33.753955575,-84.62405623,0
33.753939807,-84.623982023,0
33.753944487,-84.623917551,0
33.753944018,-84.623906806,0
33.753931535,-84.623907817,0
33.753956031,-84.623895049,0
33.753975672,-84.623827543,0
33.754002809,-84.623760037,0
33.75400451,-84.623683808,0
33.754014646,-84.62362907,0
33.754053327,-84.623539061,0
33.754062524,-84.623462832,0
33.754084204,-84.623385592,0
33.75411338,-84.623308351,0
33.754122577,-84.623232122,0
33.754112265,-84.62316765,0
33.754096966,-84.623104189,0
33.754096496,-84.623093443,0
33.754115067,-84.623060196,0
33.754118646,-84.623026948,0
33.754149229,-84.622981944,0
33.7541848,-84.622935928,0
33.754218023,-84.622836185,0
33.75424469,-84.622757933,0
33.754254826,-84.622703195,0
33.754266839,-84.622691438,0
33.754289457,-84.622635688,0
33.75428758,-84.622592706,0
33.754265723,-84.622550736,0
33.754231385,-84.622509777,0
33.754223419,-84.622499032,0
33.754215454,-84.622488287,0
33.754220442,-84.622487275,0
33.754212477,-84.62247653,0
33.754209029,-84.622454027,0
33.754201064,-84.622443282,0
33.754201064,-84.622443282,0
33.754200595,-84.622432537,0
33.754193099,-84.622432537,0
33.754193099,-84.622432537,0
33.754193099,-84.622432537,0
33.754193099,-84.622432537,0
33.754193099,-84.622432537,0
33.754198086,-84.622431525,0
33.754197617,-84.62242078,0
33.754205112,-84.62242078,0
33.754205112,-84.62242078,0
33.754205582,-84.622431525,0
33.754205582,-84.622431525,0
33.754200595,-84.622432537,0
33.754200595,-84.622432537,0
33.754200595,-84.622432537,0
33.754195607,-84.622433548,0
33.754196077,-84.622444293,0
33.754196077,-84.622444293,0
33.754188581,-84.622444293,0
33.754188112,-84.622433548,0
33.754180147,-84.622422803,0
33.754179677,-84.622412057,0
33.754171712,-84.622401312,0
33.754171712,-84.622401312,0
33.754171712,-84.622401312,0
33.754171712,-84.622401312,0
33.754164217,-84.622401312,0
33.754164217,-84.622401312,0
33.754164217,-84.622401312,0
33.754176699,-84.6224003,0
33.754188713,-84.622388543,0
33.754201196,-84.622387532,0
33.754208222,-84.622376787,0
33.754220704,-84.622375775,0
33.754220704,-84.622375775,0
33.754220704,-84.622375775,0
33.7542282,-84.622375775,0
33.7542282,-84.622375775,0
33.7542282,-84.622375775,0
33.754227731,-84.62236503,0
33.754227731,-84.62236503,0
33.754227731,-84.62236503,0
33.754222743,-84.622366041,0
33.754217756,-84.622367053,0
33.754205274,-84.622368064,0
33.754200286,-84.622369076,0
33.754200286,-84.622369076,0
33.754200286,-84.622369076,0
33.754195299,-84.622370087,0
33.754195299,-84.622370087,0
33.754195299,-84.622370087,0
33.754195299,-84.622370087,0
33.754195299,-84.622370087,0
33.754195299,-84.622370087,0
33.754195299,-84.622370087,0
33.754195299,-84.622370087,0
33.754195299,-84.622370087,0
33.754195299,-84.622370087,0
33.754195299,-84.622370087,0
33.754195299,-84.622370087,0
33.754195299,-84.622370087,0
33.754195769,-84.622380833,0
33.754195769,-84.622380833,0
33.754195769,-84.622380833,0
33.754198747,-84.622392589,0
33.754198747,-84.622392589,0
33.754198747,-84.622392589,0
33.754198747,-84.622392589,0
33.754198747,-84.622392589,0
33.754198747,-84.622392589,0
33.754198747,-84.622392589,0
33.754198747,-84.622392589,0
33.754198747,-84.622392589,0
33.754198747,-84.622392589,0
33.754198747,-84.622392589,0
33.754198747,-84.622392589,0
33.754198747,-84.622392589,0
33.754198747,-84.622392589,0
33.754193759,-84.622393601,0
33.754193759,-84.622393601,0
33.754193759,-84.622393601,0
33.754193759,-84.622393601,0
33.754193759,-84.622393601,0
33.754193759,-84.622393601,0
33.754193759,-84.622393601,0
33.754193759,-84.622393601,0
33.754191251,-84.622392589,0
33.754191251,-84.622392589,0
33.754191251,-84.622392589,0
33.754199216,-84.622403335,0
33.754186733,-84.622404346,0
33.754186733,-84.622404346,0
33.754186733,-84.622404346,0
33.754186733,-84.622404346,0
33.75419172,-84.622403335,0
33.754184694,-84.62241408,0
33.754184694,-84.62241408,0
33.754184694,-84.62241408,0
33.754189681,-84.622413069,0
33.754189681,-84.622413069,0
33.754189681,-84.622413069,0
33.754189681,-84.622413069,0
33.754189681,-84.622413069,0
33.754189681,-84.622413069,0
33.754189681,-84.622413069,0
33.754189681,-84.622413069,0
33.754182186,-84.622413069,0
33.754182186,-84.622413069,0
33.754189681,-84.622413069,0
33.754189681,-84.622413069,0
33.754182186,-84.622413069,0
33.754182186,-84.622413069,0
33.754182186,-84.622413069,0
33.754189681,-84.622413069,0
33.754184694,-84.62241408,0
33.754184694,-84.62241408,0
33.754184694,-84.62241408,0
33.754179707,-84.622415092,0
33.754174251,-84.622405358,0
33.754176759,-84.622406369,0
33.754173811,-84.622397647,0
33.754176319,-84.622398658,0
33.754171332,-84.62239967,0
33.754171332,-84.62239967,0
33.754171802,-84.622410415,0
33.754171802,-84.622410415,0
33.754171802,-84.622410415,0
33.754171802,-84.622410415,0
33.754171802,-84.622410415,0
33.754171802,-84.622410415,0
33.754177258,-84.622420149,0
33.754169763,-84.622420149,0
33.754169763,-84.622420149,0
33.754170232,-84.622430895,0
33.754170232,-84.622430895,0
33.754165245,-84.622431906,0
33.754152762,-84.622432918,0
33.754152762,-84.622432918,0
33.754147775,-84.622433929,0
33.754147775,-84.622433929,0
33.754150283,-84.622434941,0
33.754150283,-84.622434941,0
33.754145296,-84.622435952,0
33.754144827,-84.622425207,0
33.754144827,-84.622425207,0
33.75413984,-84.622426218,0
33.75413984,-84.622426218,0
33.75413984,-84.622426218,0
33.75413984,-84.622426218,0
33.75413984,-84.622426218,0
33.75413984,-84.622426218,0
33.75413984,-84.622426218,0
33.75413984,-84.622426218,0
33.75413984,-84.622426218,0
33.75413984,-84.622426218,0
33.75413984,-84.622426218,0
33.75413984,-84.622426218,0
33.75413984,-84.622426218,0
33.75413984,-84.622426218,0
33.75413984,-84.622426218,0
33.754132344,-84.622426218,0
33.754124379,-84.622415473,0
33.754124379,-84.622415473,0
33.754116883,-84.622415473,0
33.75410487,-84.62242723,0
33.75410487,-84.62242723,0
33.75410487,-84.62242723,0
33.75410487,-84.62242723,0
33.754097375,-84.62242723,0
33.754097844,-84.622437975,0
33.754090348,-84.622437975,0
33.754095336,-84.622436964,0
33.754090348,-84.622437975,0
33.754090348,-84.622437975,0
33.754090348,-84.622437975,0
33.754090348,-84.622437975,0
33.754090348,-84.622437975,0
33.754090348,-84.622437975,0
33.754090348,-84.622437975,0
33.754090348,-84.622437975,0
33.754090348,-84.622437975,0
33.754090348,-84.622437975,0
33.754103301,-84.622447709,0
33.754111266,-84.622458454,0
33.754111735,-84.6224692,0
33.754124687,-84.622478934,0
33.754124687,-84.622478934,0
33.754124687,-84.622478934,0
33.754124687,-84.622478934,0
33.754124687,-84.622478934,0
33.754124687,-84.622478934,0
33.754125157,-84.622489679,0
33.754125157,-84.622489679,0
33.754125157,-84.622489679,0
33.754125157,-84.622489679,0
33.754125157,-84.622489679,0
33.754125157,-84.622489679,0
33.754125157,-84.622489679,0
33.754125157,-84.622489679,0
33.754132652,-84.622489679,0
33.754132652,-84.622489679,0
33.754132652,-84.622489679,0
33.754132652,-84.622489679,0
33.754132652,-84.622489679,0
33.75413764,-84.622488667,0
33.75413764,-84.622488667,0
33.75413764,-84.622488667,0
33.75413764,-84.622488667,0
33.754132652,-84.622489679,0
33.754132652,-84.622489679,0
33.754132652,-84.622489679,0
33.75413764,-84.622488667,0
33.754143096,-84.622498401,0
33.754155579,-84.62249739,0
33.754156048,-84.622508135,0
33.754161035,-84.622507124,0
33.754161035,-84.622507124,0
33.754161035,-84.622507124,0
33.754161035,-84.622507124,0
33.754161035,-84.622507124,0
33.754161035,-84.622507124,0
33.754168531,-84.622507124,0
33.754168531,-84.622507124,0
33.754168531,-84.622507124,0
33.754163544,-84.622508135,0
33.754163074,-84.62249739,0
33.754163074,-84.62249739,0
33.754163074,-84.62249739,0
33.754163074,-84.62249739,0
33.754163074,-84.62249739,0
33.754163074,-84.62249739,0
33.754163074,-84.62249739,0
33.754163074,-84.62249739,0
33.754163074,-84.62249739,0
33.75417057,-84.62249739,0
33.75417057,-84.62249739,0
33.754165583,-84.622498401,0
33.754165113,-84.622487656,0
33.754165113,-84.622487656,0
33.754157148,-84.622476911,0
33.754152161,-84.622477922,0
33.754152161,-84.622477922,0
33.754159187,-84.622467177,0
33.754159187,-84.622467177,0
33.7541542,-84.622468188,0
33.7541542,-84.622468188,0
33.7541542,-84.622468188,0
33.7541542,-84.622468188,0
33.7541542,-84.622468188,0
33.7541542,-84.622468188,0
33.754156709,-84.6224692,0
33.754156709,-84.6224692,0
33.754156709,-84.6224692,0
33.754156709,-84.6224692,0
33.754156709,-84.6224692,0
33.754156709,-84.6224692,0
33.754156709,-84.6224692,0
33.754156709,-84.6224692,0
33.754157178,-84.622479945,0
33.754161696,-84.622468188,0
33.754161696,-84.622468188,0
33.754161696,-84.622468188,0
33.754161696,-84.622468188,0
33.754161696,-84.622468188,0
33.754156709,-84.6224692,0
33.754156709,-84.6224692,0
33.754156709,-84.6224692,0
33.754156709,-84.6224692,0
33.754156709,-84.6224692,0
33.754156709,-84.6224692,0
33.754156709,-84.6224692,0
33.754164204,-84.6224692,0
33.754164204,-84.6224692,0
33.754164204,-84.6224692,0
33.754164204,-84.6224692,0
33.754164204,-84.6224692,0
33.754164204,-84.6224692,0
33.754164204,-84.6224692,0
33.754169191,-84.622468188,0
33.754168722,-84.622457443,0
33.754168722,-84.622457443,0
33.754168722,-84.622457443,0
33.754168722,-84.622457443,0
33.754168722,-84.622457443,0
33.754168722,-84.622457443,0
33.754168722,-84.622457443,0
33.754168722,-84.622457443,0
33.754168722,-84.622457443,0
33.754168722,-84.622457443,0
33.754168722,-84.622457443,0
33.754168722,-84.622457443,0
33.754173709,-84.622456431,0
33.754173709,-84.622456431,0
33.754173709,-84.622456431,0
33.754173709,-84.622456431,0
33.754173709,-84.622456431,0
33.754173709,-84.622456431,0
33.75417324,-84.622445686,0
33.754169792,-84.622423184,0
33.754189771,-84.622422172,0
33.754205231,-84.622432918,0
33.754217245,-84.622421161,0
33.754204762,-84.622422172,0
33.754230065,-84.622486644,0
33.754276887,-84.622526592,0
33.75428626,-84.622569573,0
33.754256616,-84.622636068,0
33.754243371,-84.6227348,0
33.754221222,-84.622801295,0
33.754183143,-84.622846299,0
33.754147572,-84.622892315,0
33.754110432,-84.62295881,0
33.754116226,-84.623035039,0
33.754107499,-84.623122014,0
33.754088328,-84.623200265,0
33.754074143,-84.623277506,0
33.754059959,-84.623354746,0
33.754033762,-84.623443743,0
33.754011612,-84.623510238,0
33.753989932,-84.623587478,0
33.753976217,-84.623675463,0
33.753962502,-84.623763449,0
33.753948317,-84.623840689,0
33.753954581,-84.623927663,0
33.753978313,-84.624012615,0
33.753987055,-84.624097567,0
33.753990809,-84.62418353,0
33.753993625,-84.624248002,0
33.753964918,-84.624335987,0
33.753966796,-84.624378969,0
33.753959769,-84.624389714,0
33.753952743,-84.62440046,0
33.753938089,-84.624466954,0
33.753940904,-84.624531426,0
33.753932176,-84.624618401,0
33.753925955,-84.624706386,0
33.753923315,-84.624761124,0
33.753966556,-84.624834319,0
33.753975459,-84.624866556,0
33.753970472,-84.624867567,0
33.753953779,-84.624943795,0
33.753932098,-84.625021035,0
33.753909478,-84.625076784,0
33.753883749,-84.625176525,0
33.753854572,-84.625253765,0
33.75381947,-84.625310525,0
33.753755486,-84.625336059,0
33.753712419,-84.625382074,0
33.753664834,-84.625439844,0
33.753617718,-84.62550836,0
33.753557181,-84.625556396,0
33.753507556,-84.625623901,0
33.753459502,-84.625670926,0
33.753402382,-84.62573843,0
33.753347301,-84.6257962,0
33.753299247,-84.625843225,0
33.753248215,-84.625878493,0
33.753190625,-84.625935252,0
33.753135075,-84.625982277,0
33.753077649,-84.62598632,0
33.753013665,-84.626011854,0
33.752970128,-84.626047122,0
33.752906613,-84.626083401,0
33.752845607,-84.626120691,0
33.752831085,-84.626131436,0
33.752831085,-84.626131436,0
33.752831085,-84.626131436,0
33.752811106,-84.626132447,0
33.752771619,-84.626145214,0
33.752737118,-84.62615697,0
33.75269763,-84.626169737,0
33.752657673,-84.626171758,0
33.75259322,-84.626186547,0
33.752553732,-84.626199314,0
33.752477734,-84.626236603,0
33.752459163,-84.626269849,0
33.75244511,-84.62629134,0
33.752385644,-84.626305117,0
33.752330695,-84.626307139,0
33.75228622,-84.626320916,0
33.752233312,-84.626313203,0
33.752173845,-84.626326981,0
33.752110963,-84.626321289,0
33.75204604,-84.626325332,0
33.751980649,-84.62631863,0
33.751911209,-84.626334429,0
33.751866265,-84.626337461,0
33.751833804,-84.626339483,0
33.75178886,-84.626342515,0
33.751728924,-84.626345547,0
33.75168398,-84.626348579,0
33.751683511,-84.626337834,0
33.751683511,-84.626337834,0
33.751636691,-84.626297886,0
33.751582375,-84.626257937,0
33.751563029,-84.626216978,0
33.751561153,-84.626173998,0
33.751552719,-84.626152508,0
33.751562856,-84.626097771,0
33.751548966,-84.626066547,0
33.751534607,-84.626024577,0
33.751525704,-84.625992342,0
33.75153273,-84.625981597,0
33.75153477,-84.625971862,0
33.751529783,-84.625972873,0
33.751519942,-84.625919148,0
33.751522114,-84.625853666,0
33.75153272,-84.625809675,0
33.751542388,-84.625744193,0
33.751538003,-84.625700202,0
33.751537064,-84.625678712,0
33.751543285,-84.625590729,0
33.751525947,-84.625537004,0
33.751530465,-84.625525248,0
33.751521093,-84.625482267,0
33.751498299,-84.625418808,0
33.751468479,-84.625366093,0
33.751445686,-84.625302633,0
33.751399334,-84.625273431,0
33.751361549,-84.625209971,0
33.75133079,-84.625135767,0
33.751293474,-84.625083052,0
33.75125164,-84.625042094,0
33.751209337,-84.624990391,0
33.751187951,-84.624959166,0
33.751154083,-84.624928953,0
33.75112724,-84.624887995,0
33.751088385,-84.624858793,0
33.751062012,-84.62482858,0
33.751028143,-84.624798367,0
33.750969778,-84.624780921,0
33.750928414,-84.624750708,0
33.750875505,-84.624742996,0
33.750829623,-84.624724539,0
33.750788258,-84.624694326,0
33.750762823,-84.624685603,0
33.750696494,-84.624657412,0
33.750631102,-84.624650711,0
33.75058522,-84.624632254,0
33.750511863,-84.624614809,0
33.750458016,-84.624585607,0
33.750399182,-84.624557416,0
33.750324417,-84.624507736,0
33.750265114,-84.6244688,0
33.750211267,-84.624439599,0
33.750136972,-84.624400663,0
33.750083124,-84.624371462,0
33.750038181,-84.624374495,0
33.749968403,-84.624323804,0
33.749902073,-84.624295614,0
33.749823729,-84.624279179,0
33.749750842,-84.624272479,0
33.749670458,-84.624265778,0
33.749617549,-84.624258067,0
33.749560123,-84.624262111,0
33.749474753,-84.624256422,0
33.749409361,-84.624249721,0
33.749355983,-84.624231265,0
33.749302136,-84.624202064,0
33.749243302,-84.624173874,0
33.749185406,-84.624167174,0
33.749165428,-84.624168185,0
33.749119545,-84.624149729,0
33.749053685,-84.624132283,0
33.748990301,-84.624112816,0
33.748929896,-84.624105105,0
33.74886996,-84.624108138,0
33.748810024,-84.624111171,0
33.748797542,-84.624112183,0
33.748805507,-84.624122927,0
33.748818459,-84.624132661,0
33.748858416,-84.624130639,0
33.748891816,-84.624150106,0
33.748964703,-84.624156806,0
33.749030095,-84.624163507,0
33.749082534,-84.624160473,0
33.749163387,-84.624177918,0
33.749244709,-84.624206108,0
33.749298557,-84.62423531,0
33.749351466,-84.624243021,0
33.749424823,-84.624260466,0
33.749459793,-84.624259455,0
33.749524246,-84.624244666,0
33.749596195,-84.624229877,0
33.7496566,-84.624237588,0
33.749729488,-84.624244289,0
33.749800335,-84.624260723,0
33.749848257,-84.624269446,0
33.749889153,-84.624288913,0
33.749975931,-84.624326837,0
33.750049757,-84.624355028,0
33.750111569,-84.624394974,0
33.750152465,-84.624414442,0
33.750206312,-84.624443643,0
33.750280607,-84.624482578,0
33.750354433,-84.624510769,0
33.750420763,-84.62453896,0
33.750466176,-84.624546671,0
33.750532037,-84.624564117,0
33.750605393,-84.624581563,0
33.75067671,-84.624608742,0
33.750755992,-84.624646667,0
33.750809839,-84.624675869,0
33.750863217,-84.624694326,0
33.750930485,-84.624744007,0
33.750991828,-84.624773209,0
33.751031622,-84.624823901,0
33.751116829,-84.624882305,0
33.751184567,-84.624942731,0
33.751210001,-84.624951454,0
33.751245277,-84.625013903,0
33.751288988,-84.625097841,0
33.751329251,-84.625159279,0
33.751386382,-84.625263697,0
33.751429624,-84.625336891,0
33.751459913,-84.62540035,0
33.751503623,-84.625484289,0
33.751514872,-84.62557025,0
33.751533148,-84.625645466,0
33.751529874,-84.625742172,0
33.751527702,-84.625807653,0
33.75152553,-84.625873135,0
33.75153631,-84.62594835,0
33.751534138,-84.626013832,0
33.751538523,-84.626057823,0
33.751531364,-84.626124315,0
33.751541675,-84.626188786,0
33.751586486,-84.626241501,0
33.75162785,-84.626271715,0
33.75167671,-84.626301929,0
33.751718074,-84.626332143,0
33.751702481,-84.626377145,0
33.751690937,-84.626399646,0
33.751699371,-84.626421136,0
33.75166333,-84.626456403,0
33.751628227,-84.626513161,0
33.751633551,-84.626578642,0
33.751639812,-84.626665614,0
33.751637171,-84.62672035,0
33.75161144,-84.626820088,0
33.751576337,-84.626876846,0
33.751559806,-84.626900357,0
33.751536716,-84.626945359,0
33.75152815,-84.626979616,0
33.751513495,-84.627046107,0
33.75153488,-84.627077332,0
33.751563761,-84.627108557,0
33.751601077,-84.627161272,0
33.751641502,-84.627169996,0
33.751681459,-84.627167975,0
33.751740457,-84.627143453,0
33.751819432,-84.62711792,0
33.751875452,-84.627081642,0
33.751940069,-84.62701414,0
33.751991101,-84.626978872,0
33.75204401,-84.626986586,0
33.752078816,-84.62703829,0
33.752088657,-84.627092016,0
33.752098498,-84.627145742,0
33.752120821,-84.627198457,0
33.752151109,-84.627261918,0
33.752185446,-84.627302877,0
33.752195756,-84.627367348,0
33.752238527,-84.627429798,0
33.752281767,-84.627502994,0
33.752310648,-84.627534219,0
33.75235248,-84.627575179,0
33.752393844,-84.627605393,0
33.752423194,-84.627647364,0
33.752472523,-84.627688323,0
33.752502342,-84.627741039,0
33.752531223,-84.627772264,0
33.752533099,-84.627815245,0
33.752517036,-84.627849502,0
33.752526876,-84.627903228,0
33.752524703,-84.62796871,0
33.752510047,-84.628035202,0
33.75251537,-84.628100684,0
33.752553153,-84.628164145,0
33.752614964,-84.628204094,0
33.752663823,-84.628234309,0
33.75272078,-84.628219523,0
33.752785703,-84.628215481,0
33.752836102,-84.628222185,0
33.752917392,-84.628247348,0
33.752961703,-84.628286288,0
33.753013509,-84.628325227,0
33.753074218,-84.628396403,0
33.753121507,-84.628447098,0
33.753175822,-84.628487049,0
33.753237164,-84.628516254,0
33.753279934,-84.628578705,0
33.753326284,-84.62860791,0
33.753374206,-84.628616635,0
33.753379193,-84.628615624,0
33.753379662,-84.62862637,0
33.753388095,-84.62864786,0
33.753416507,-84.628668341,0
33.75342899,-84.628667331,0
33.753475809,-84.628707281,0
33.753532767,-84.628692495,0
33.753609234,-84.628665952,0
33.753678071,-84.628695157,0
33.753730042,-84.628681381,0
33.753748613,-84.628648135,0
33.753772172,-84.628613878,0
33.753782779,-84.628569886,0
33.753806338,-84.628535629,0
33.753806338,-84.628535629,0
33.753772775,-84.628568875,0
33.753756712,-84.628603132,0
33.753732684,-84.628626644,0
33.753733153,-84.628637389,0
33.753733153,-84.628637389,0
33.753733622,-84.628648135,0
33.753729104,-84.62865989,0
33.753732081,-84.628671646,0
33.753728501,-84.628704893,0
33.753708991,-84.628716648,0
33.753680111,-84.628685422,0
33.753682753,-84.628630685,0
33.753689914,-84.628564192,0
33.753678034,-84.6285202,0
33.753675526,-84.62851919,0
33.753675526,-84.62851919,0
33.753680513,-84.62851818,0
33.7536855,-84.628517169,0
33.753678004,-84.628517169,0
33.753678004,-84.628517169,0
33.753675496,-84.628516159,0
33.753675496,-84.628516159,0
33.753675496,-84.628516159,0
33.753675965,-84.628526904,0
33.753675965,-84.628526904,0
33.753675965,-84.628526904,0
33.753675965,-84.628526904,0
33.753683929,-84.62853765,0
33.753683929,-84.62853765,0
33.753691425,-84.62853765,0
33.753691425,-84.62853765,0
33.753691425,-84.62853765,0
33.753691425,-84.62853765,0
33.753686907,-84.628549405,0
33.753686907,-84.628549405,0
33.753686907,-84.628549405,0
33.753686907,-84.628549405,0
33.753686907,-84.628549405,0
33.753686438,-84.62853866,0
33.753686438,-84.62853866,0
33.753686438,-84.62853866,0
33.753686438,-84.62853866,0
33.753686438,-84.62853866,0
33.753686438,-84.62853866,0
33.753686438,-84.62853866,0
33.753686438,-84.62853866,0
33.753686438,-84.62853866,0
33.753686438,-84.62853866,0
33.753686438,-84.62853866,0
33.753686438,-84.62853866,0
33.753686438,-84.62853866,0
33.753686438,-84.62853866,0
33.753686438,-84.62853866,0
33.753686438,-84.62853866,0
33.753686438,-84.62853866,0
33.753686438,-84.62853866,0
33.753686438,-84.62853866,0
33.753686438,-84.62853866,0
33.753686438,-84.62853866,0
33.753686438,-84.62853866,0
33.753686438,-84.62853866,0
33.753686438,-84.62853866,0
33.753685969,-84.628527915,0
33.753685969,-84.628527915,0
33.753685969,-84.628527915,0
33.753685969,-84.628527915,0
33.753685969,-84.628527915,0
33.753685969,-84.628527915,0
33.753680982,-84.628528925,0
33.75371843,-84.628525894,0
33.753750891,-84.628523873,0
33.753717194,-84.628612867,0
33.753609844,-84.628792876,0
33.753515444,-84.62898262,0
33.753353948,-84.629241886,0
33.753277182,-84.629376892,0
33.753253325,-84.629519612,0
33.753308617,-84.629927936,0
33.753312741,-84.630427273,0
33.753330583,-84.630838628,0
33.75327885,-84.63149345,0
33.753329016,-84.632130458,0
33.753499518,-84.632772154,0
33.753601179,-84.633384645,0
33.753683797,-84.634019637,0
33.753729264,-84.634721122,0
33.753678418,-84.635394407,0
33.753730106,-84.63600791,0
33.753787551,-84.636522687,0
33.75389151,-84.637013957,0
33.754004368,-84.637537464,0
33.754102561,-84.638127464,0
33.754202463,-84.638641237,0
33.75427192,-84.638972336,0
33.75429034,-84.639338697,0
33.754338253,-84.639519356,0
33.754654595,-84.63959691,0
33.755292902,-84.639709037,0
33.756144683,-84.639892008,0
33.757007403,-84.640097484,0
33.757757916,-84.64025629,0
33.758240776,-84.640420484,0
33.758236098,-84.640831864,0
33.757978454,-84.641703997,0
33.757924922,-84.642432054,0
33.75783068,-84.643609774,0
33.757750639,-84.644538313,0
33.757724123,-84.645257635,0
33.757439326,-84.64620027,0
33.756937105,-84.646860806,0
33.756498077,-84.647418578,0
33.755998956,-84.648382002,0
33.755559289,-84.649156695,0
33.755386337,-84.649904531,0
33.755259885,-84.651150705,0
33.755319319,-84.65218063,0
33.755458188,-84.652845877,0
33.75559069,-84.653133003,0
33.755577274,-84.653112517,0
33.755571353,-84.65309203,0
33.755571819,-84.653102776,0
33.755588677,-84.653145761,0
33.755697611,-84.653117228,0
33.756188759,-84.652836877,0
33.756838797,-84.652352027,0
33.757494924,-84.651659973,0
33.758231577,-84.651093845,0
33.759035001,-84.650913573,0
33.759948735,-84.650908945,0
33.760911002,-84.650868053,0
33.761917281,-84.650802647,0
33.762891419,-84.650805746,0
33.763819361,-84.650898846,0
33.764723884,-84.650970455,0
33.765603909,-84.651054825,0
33.766401369,-84.651197964,0
33.767127367,-84.651369645,0
33.767703563,-84.651553404,0
33.768080956,-84.651249817,0
33.768452438,-84.650228834,0
33.768844038,-84.649151083,0
33.769172428,-84.648176093,0
33.769594623,-84.646534406,0
33.769923007,-84.645040483,0
33.770196275,-84.643776283,0
33.770637302,-84.641820855,0
33.770991372,-84.640227143,0
33.771255548,-84.638986425,0
33.771659821,-84.637108204,0
33.772004789,-84.635537969,0
33.772259387,-84.634306962,0
33.772622703,-84.632581187,0
33.772908158,-84.631196662,0
33.773134802,-84.630130887,0
33.773476846,-84.628493081,0
33.773785484,-84.627007753,0
33.774101599,-84.625522414,0
33.774401005,-84.624113309,0
33.774695875,-84.622715953,0
33.774986209,-84.621330347,0
33.775272615,-84.619911474,0
33.775569942,-84.618515099,0
33.775887048,-84.616998461,0
33.776218787,-84.615415297,0
33.776518382,-84.613900663,0
33.776736638,-84.612357828,0
33.776884492,-84.610809307,0
33.77695897,-84.609243342,0
33.776938549,-84.607684477,0
33.77684914,-84.606152182,0
33.776746758,-84.604610159,0
33.776658725,-84.603110117,0
33.776561294,-84.601567088,0
33.776491315,-84.600023048,0
33.776360584,-84.598005096,0
33.776259246,-84.596603833,0
33.77611031,-84.59445794,0
33.775983964,-84.59265903,0
33.775884124,-84.591237307,0
33.775737127,-84.58908171,0
33.775618196,-84.587282823,0
33.775496427,-84.585819148,0
33.775352571,-84.583566853,0
33.775242258,-84.581680994,0
33.775162998,-84.580160546,0
33.775031622,-84.577848424,0
33.774879315,-84.575912456,0
33.774767602,-84.574332163,0
33.774593753,-84.571962238,0
33.774454311,-84.570036006,0
33.774348215,-84.568584682,0
33.774194673,-84.566449153,0
33.774066779,-84.56467236,0
33.773944324,-84.562905291,0
33.773841235,-84.561182233,0
33.773698643,-84.559471969,0
33.773531537,-84.557774502,0
33.773336354,-84.556123097,0
33.7731232,-84.554462999,0
33.772860324,-84.552698516,0
33.772568999,-84.550913575,0
33.772233181,-84.549142466,0
33.771885704,-84.547449671,0
33.771528477,-84.545878175,0
33.771170883,-84.544467885,0
33.77084624,-84.54329402,0
33.770582501,-84.542366296,0
33.770374308,-84.541619206,0
33.770170523,-84.54091613,0
33.769930104,-84.540065696,0
33.769737385,-84.539332445,0
33.769580718,-84.538791596,0
33.769500892,-84.538515285,0
33.769435456,-84.538280932,0
33.769419635,-84.538206738,0
33.769371095,-84.538015368,0
33.769226784,-84.537526199,0
33.769096386,-84.53706824,0
33.768997274,-84.536695222,0
33.76885105,-84.536163074,0
33.768702914,-84.535587945,0
33.768564657,-84.535066546,0
33.768320738,-84.534193629,0
33.768097148,-84.533383133,0
33.767900333,-84.532669351,0
33.767617134,-84.531700766,0
33.767416847,-84.530964473,0
33.767248234,-84.530379647,0
33.766959191,-84.529337918,0
33.766691457,-84.528383189,0
33.766408342,-84.527361937,0
33.766133191,-84.526351437,0
33.765848625,-84.525297964,0
33.765553208,-84.524169284,0
33.765290809,-84.52299351,0
33.765077965,-84.521750183,0
33.764935015,-84.520501709,0
33.764860044,-84.519205104,0
33.764862939,-84.517914091,0
33.764934683,-84.516652217,0
33.765026223,-84.515217393,0
33.765128903,-84.513696608,0
33.765241651,-84.512121065,0
33.765366381,-84.510533744,0
33.765483007,-84.508988366,0
33.76560134,-84.507594444,0
33.765714453,-84.506306933,0
33.765818618,-84.504987185,0
33.765923308,-84.503338888,0
33.765997651,-84.502191046,0
33.766128414,-84.500453676,0
33.766150288,-84.499028532,0
33.766067309,-84.497893098,0
33.76578202,-84.496206191,0
33.765375956,-84.494790625,0
33.764958881,-84.493691841,0
33.764145612,-84.49213133,0
33.763352731,-84.490916736,0
33.76269431,-84.489909792,0
33.761730148,-84.488392997,0
33.761006349,-84.487043329,0
33.760527352,-84.485904782,0
33.759992503,-84.484074506,0
33.759728445,-84.482418957,0
33.759468074,-84.480621674,0
33.759203172,-84.478836182,0
33.758925213,-84.477096789,0
33.758708116,-84.475711937,0
33.758385207,-84.473642641,0
33.758101094,-84.471994426,0
33.757626102,-84.47044777,0
33.756962135,-84.469042532,0
33.756105661,-84.467811988,0
33.755202537,-84.466713505,0
33.754341835,-84.465610882,0
33.753617699,-84.464314209,0
33.753068534,-84.462841845,0
33.752584419,-84.461256868,0
33.752106719,-84.459703093,0
33.751635472,-84.458183645,0
33.751189652,-84.456672871,0
33.7508081,-84.455255662,0
33.75060333,-84.453817293,0
33.750687619,-84.452404162,0
33.750998702,-84.450913011,0
33.751274948,-84.449706359,0
33.751428619,-84.448669182,0
33.751440611,-84.447154885,0
33.751208086,-84.445881836,0
33.750888706,-84.444959842,0
33.750165861,-84.443639831,0
33.749374336,-84.442518414,0
33.748727804,-84.441613178,0
33.74790165,-84.440164332,0
33.747337566,-84.438752482,0
33.747053855,-84.437564399,0
33.746866337,-84.435676338,0
33.746881706,-84.434069918,0
33.746863689,-84.432836019,0
33.74662159,-84.431075546,0
33.74622625,-84.429693892,0
33.745642591,-84.428356,0
33.745001418,-84.427074974,0
33.744365217,-84.425792918,0
33.743687588,-84.424480758,0
33.743026318,-84.423253491,0
33.742431782,-84.422173459,0
33.741962045,-84.421141897,0
33.741646876,-84.419875361,0
33.741509125,-84.41843409,0
33.741464268,-84.416942516,0
33.741422914,-84.415417674,0
33.741366061,-84.413882095,0
33.741252226,-84.412417261,0
33.741097411,-84.410988857,0
33.741016975,-84.409543412,0
33.741127319,-84.407996279,0
33.741422275,-84.406543919,0
33.741879888,-84.405200217,0
33.742684849,-84.403510099,0
33.743283634,-84.402299664,0
33.744176574,-84.400451759,0
33.744802698,-84.39879567,0
33.745107488,-84.397396913,0
33.745324045,-84.395210954,0
33.745347056,-84.393398383,0
33.745264878,-84.391973314,0
33.744884007,-84.390035702,0
33.744366348,-84.38861449,0
33.743928258,-84.387567075,0
33.743419237,-84.385894655,0
33.74330707,-84.384361172,0
33.743301568,-84.383025407,0
33.743308526,-84.381027129,0
33.743295299,-84.379302623,0
33.743297789,-84.377924954,0
33.743293834,-84.375802027,0
33.743296076,-84.374035621,0
33.743293801,-84.372281014,0
33.743291009,-84.370515668,0
33.74330025,-84.368630073,0
33.743307428,-84.366809973,0
33.743318459,-84.365128427,0
33.743324452,-84.363388943,0
33.743323416,-84.361660196,0
33.743314859,-84.359931447,0
33.743435103,-84.358284365,0
33.743650716,-84.356643771,0
33.744010133,-84.355029019,0
33.744411953,-84.353410007,0
33.744823267,-84.351781304,0
33.745127722,-84.350116004,0
33.745325316,-84.348414114,0
33.745384531,-84.346751878,0
33.745365797,-84.345081027,0
33.745348521,-84.343442393,0
33.745334229,-84.341815562,0
33.745317404,-84.340187666,0
33.745299655,-84.338265555,0
33.745165438,-84.336645113,0
33.744873286,-84.335348887,0
33.744156872,-84.333537033,0
33.743322938,-84.332222306,0
33.742534313,-84.331296326,0
33.741287941,-84.330055515,0
33.740222756,-84.328998433,0
33.739350252,-84.328102522,0
33.737983078,-84.326741482,0
33.736829015,-84.325603914,0
33.735923535,-84.324699471,0
33.734581709,-84.323508205,0
33.733408485,-84.322935472,0
33.732186699,-84.322777172,0
33.730900903,-84.322969934,0
33.729711424,-84.323351684,0
33.728425607,-84.323708684,0
33.727148761,-84.324042065,0
33.725901895,-84.324319621,0
33.724687534,-84.32432236,0
33.723369447,-84.323810831,0
33.722200258,-84.322942961,0
33.721281345,-84.321801443,0
33.720572155,-84.320427085,0
33.719905423,-84.319051682,0
33.719258158,-84.317664497,0
33.718614387,-84.316299872,0
33.718004049,-84.314954602,0
33.717378699,-84.313609351,0
33.716710404,-84.312201849,0
33.716026638,-84.310731029,0
33.715403301,-84.309159341,0
33.715126919,-84.307507252,0
33.715080706,-84.30552353,0
33.715072911,-84.30388653,0
33.715082519,-84.302572641,0
33.715080167,-84.300564234,0
33.715056752,-84.298913283,0
33.71479664,-84.297615469,0
33.714107644,-84.295870004,0
33.71348912,-84.294461621,0
33.713035369,-84.29336885,0
33.712530713,-84.291716843,0
33.712244169,-84.290231239,0
33.712109868,-84.288950665,0
33.712097833,-84.286955205,0
33.712137214,-84.285260295,0
33.712165603,-84.283923901,0
33.712220358,-84.281911255,0
33.71226163,-84.280203454,0
33.712368786,-84.278512815,0
33.712568806,-84.276827526,0
33.712865671,-84.275125037,0
33.713173992,-84.27339999,0
33.713507807,-84.271686741,0
33.713831118,-84.270017491,0
33.714176843,-84.268344997,0
33.714512526,-84.266671411,0
33.714839166,-84.26485719,0
33.715143885,-84.263112749,0
33.71541319,-84.261470295,0
33.715705953,-84.259901891,0
33.715931811,-84.258403277,0
33.716028831,-84.256934761,0
33.715990607,-84.255629475,0
33.715862034,-84.254428357,0
33.715651614,-84.253352878,0
33.715499195,-84.252609074,0
33.715714821,-84.252238653,0
33.716495291,-84.252274825,0
33.717433511,-84.252256176,0
33.718045724,-84.252282765,0
33.718470659,-84.252266489,0
33.719287012,-84.252211386,0
33.720042386,-84.252082222,0
33.720654461,-84.251941311,0
33.721535646,-84.251717622,0
33.7222456,-84.251528365,0
33.722838256,-84.251402504,0
33.723707042,-84.251344147,0
33.724423056,-84.251339537,0
33.725007746,-84.251311366,0
33.725844588,-84.25121331,0
33.726560134,-84.251306395,0
33.727160333,-84.251502582,0
33.728089594,-84.251773777,0
33.728952452,-84.251964498,0
33.729745386,-84.25205219,0
33.730379532,-84.252064804,0
33.730761995,-84.252049604,0
33.730892316,-84.252051695,0
33.730924771,-84.252049533,0
33.73093277,-84.252060269,0
33.730940268,-84.252060269,0
33.730952746,-84.252059189,0
33.731090064,-84.252050543,0
33.731438108,-84.252050402,0
33.731843565,-84.252045938,0
33.732209571,-84.252054371,0
33.732387342,-84.2520543,0
33.732479725,-84.252048897,0
33.73249472,-84.252048897,0
33.732632037,-84.252040252,0
33.733044991,-84.252035788,0
33.733579765,-84.252011942,0
33.734167471,-84.25199559,0
33.734762674,-84.251979238,0
33.735460724,-84.251966057,0
33.735941052,-84.251955108,0
33.73614826,-84.251941059,0
33.736558697,-84.251935513,0
33.736908704,-84.251922474,0
33.736991074,-84.251915989,0
33.737003553,-84.251914909,0
33.737003553,-84.251914909,0
33.737036008,-84.251912747,0
33.737413488,-84.251898626,0
33.73779147,-84.251895242,0
33.738166977,-84.251946622,0
33.73879774,-84.252317869,0
33.739433993,-84.252646174,0
33.73998633,-84.252892912,0
33.740650515,-84.253175037,0
33.741136365,-84.253229596,0
33.741805938,-84.253196031,0
33.742572874,-84.253155981,0
33.743395211,-84.253121265,0
33.744227012,-84.25307365,0
33.745110672,-84.252847751,0
33.745966835,-84.252461863,0
33.746818478,-84.252031936,0
33.74754579,-84.251567697,0
33.748113379,-84.251171191,0
33.748345516,-84.250993908,0
33.748597127,-84.250804805,0
33.748980495,-84.250433083,0
33.749487192,-84.250021575,0
33.750022864,-84.249641195,0
33.750709403,-84.249489479,0
33.75151084,-84.249493427,0
33.752325293,-84.249615496,0
33.752995474,-84.249812811,0
33.753387479,-84.249843795,0
33.753385833,-84.249377718,0
33.75334768,-84.248719431,0
33.75331207,-84.248223302,0
33.753275954,-84.247769046,0
33.75326472,-84.247148305,0
33.753281493,-84.246645686,0
33.753275855,-84.246254778,0
33.753349536,-84.245684481,0
33.7535931,-84.245428759,0
33.753694443,-84.245399707,0
33.753676477,-84.245443742,0
33.753671493,-84.245497434,0
33.753662026,-84.245562947,0
33.753672536,-84.245627377,0
33.75366504,-84.245627377,0
33.75366504,-84.245627377,0
33.75366504,-84.245627377,0
33.753652058,-84.245617721,0
